,block,case_number,date,longitude,primary_type,year,zip
783,036XX W WOLFRAM ST,HW102263,2013-01-02 18:15:00,-87.717950737,BATTERY,2013,60618
784,021XX W 53RD PL,HW102954,2013-01-03 11:15:00,-87.677711947,BATTERY,2013,60609
785,003XX N LA SALLE DR,HW104733,2013-01-04 17:14:00,-87.632505286,BATTERY,2013,60654
786,011XX N NORTH BRANCH ST,HW105331,2013-01-05 03:50:00,-87.654339768,BATTERY,2013,60642
787,001XX N PARKSIDE AVE,HW105392,2013-01-05 07:20:00,-87.76660788,THEFT,2013,60644
788,008XX W 59TH ST,HW105401,2013-01-05 06:51:00,-87.645505595,BATTERY,2013,60621
789,002XX N LAFLIN ST,HW106824,2013-01-06 00:00:00,-87.66429652,THEFT,2013,60607
791,043XX W 76TH ST,HW107125,2013-01-06 17:30:00,-87.731101768,ASSAULT,2013,60652
792,0000X S HALSTED ST,HW107274,2013-01-06 19:28:00,-87.647342333,THEFT,2013,60607
793,049XX W DAKIN ST,HW107653,2013-01-06 16:00:00,-87.750815271,THEFT,2013,60641
794,023XX W CERMAK RD,HW108054,2013-01-07 11:30:00,-87.68397705,THEFT,2013,60608
795,038XX N WILTON AVE,HW108968,2013-01-08 01:00:00,-87.653246002,THEFT,2013,60613
796,0000X S WABASH AVE,HW109127,2013-01-07 16:40:00,-87.626203285,ASSAULT,2013,60603
797,088XX S DANTE AVE,HW109769,2013-01-07 20:13:00,-87.589293223,ASSAULT,2013,60619
798,008XX W NELSON ST,HW110110,2013-01-09 06:15:00,-87.650961455,BATTERY,2013,60657
799,077XX S BISHOP ST,HW111613,2013-01-10 08:50:00,-87.660277146,THEFT,2013,60620
800,011XX N LARAMIE AVE,HW112231,2013-01-10 15:45:00,-87.755751439,THEFT,2013,60651
801,013XX E 69TH ST,HW112240,2013-01-10 16:00:00,-87.593670899,ASSAULT,2013,60637
802,069XX S PAXTON AVE,HW114030,2013-01-11 21:35:00,-87.57148207,THEFT,2013,60649
803,057XX W 64TH ST,HW116300,2013-01-13 21:20:00,-87.765130893,ASSAULT,2013,60638
805,056XX W MADISON ST,HW113496,2013-01-11 15:20:00,-87.765917529,ROBBERY,2013,60644
806,079XX S ASHLAND AVE,HW117160,2013-01-14 16:10:00,-87.66342156,THEFT,2013,60620
807,063XX N OAKLEY AVE,HW117613,2013-01-14 23:30:00,-87.687417479,ASSAULT,2013,60659
808,021XX W DEVON AVE,HW118437,2013-01-15 13:39:00,-87.684266677,ROBBERY,2013,60645
810,093XX S STEWART AVE,HW119503,2013-01-16 12:13:00,-87.63250432,THEFT,2013,60620
811,068XX N ASHLAND BLVD,HW122427,2013-01-18 16:30:00,-87.669961712,BATTERY,2013,60626
812,016XX N HARLEM AVE,HW122527,2013-01-18 17:23:00,-87.80576669,THEFT,2013,
813,008XX W BELMONT AVE,HW123107,2013-01-19 02:30:00,-87.650917732,ASSAULT,2013,60657
814,070XX S TALMAN AVE,HW123624,2013-01-19 13:30:00,-87.689387013,BATTERY,2013,60629
815,097XX S HALSTED ST,HW124404,2013-01-20 02:00:00,-87.6430967,BATTERY,2013,60643
816,009XX N LEAVITT ST,HW126822,2013-01-22 10:50:00,-87.682029799,THEFT,2013,60622
817,062XX S MOZART ST,HW126648,2013-01-21 22:30:00,-87.694636659,THEFT,2013,60629
818,052XX S WOOD ST,HW127302,2013-01-22 06:30:00,-87.669572591,THEFT,2013,60609
819,0000X W 124TH ST,HW127260,2013-01-22 15:45:00,-87.62265903,BATTERY,2013,60628
820,032XX S STATE ST,HW127607,2013-01-22 18:30:00,-87.626739832,THEFT,2013,60616
821,103XX S PEORIA ST,HW130439,2013-01-25 04:35:00,-87.645243421,THEFT,2013,60643
822,011XX S CLARK ST,HW130769,2013-01-25 10:20:00,-87.6304532,THEFT,2013,60605
824,021XX E 71ST ST,HW132577,2013-01-24 15:00:00,-87.572252427,THEFT,2013,60649
825,004XX N CLARK ST,HW133100,2013-01-27 00:30:00,-87.631089546,BATTERY,2013,60654
826,079XX S ADA ST,HW133573,2013-01-26 14:30:00,-87.657371388,THEFT,2013,60620
827,010XX W CORNELIA AVE,HW133589,2013-01-27 02:00:00,-87.655884983,THEFT,2013,60657
828,045XX S HALSTED ST,HW135427,2013-01-28 19:00:00,-87.645606798,THEFT,2013,60609
829,013XX N PULASKI RD,HW136276,2013-01-29 14:15:00,-87.726387108,THEFT,2013,60651
830,040XX W MADISON ST,HW138925,2013-01-31 11:55:00,-87.72628358,THEFT,2013,60624
831,066XX S BELL AVE,HW140033,2013-02-01 10:50:00,-87.679699703,THEFT,2013,60636
832,032XX N HALSTED ST,HW140880,2013-02-01 22:00:00,-87.649275328,THEFT,2013,60657
833,011XX N NORTH BRANCH ST,HW141248,2013-02-02 02:00:00,-87.654339768,THEFT,2013,60642
835,035XX N HALSTED ST,HW144178,2013-02-04 07:30:00,-87.64944108,THEFT,2013,60657
836,022XX S WABASH AVE,HW144184,2013-02-02 23:00:00,-87.625491255,THEFT,2013,60616
837,010XX N ORLEANS ST,HW141893,2013-02-01 03:30:00,-87.63733304,THEFT,2013,60610
838,0000X N AUSTIN BLVD,HW146044,2013-02-06 10:04:00,-87.774672379,BATTERY,2013,
839,029XX N LAKE SHORE DR,HW146982,2013-02-06 16:30:00,-87.636780157,THEFT,2013,60657
840,029XX N HARLEM AVE,HW147376,2013-02-07 09:30:00,-87.806580645,ASSAULT,2013,
842,008XX W 111TH ST,HW147903,2013-02-07 16:00:00,-87.642681558,BATTERY,2013,60643
844,035XX W ROOSEVELT RD,HW149039,2013-02-08 14:45:00,-87.71421287,ASSAULT,2013,60623
845,004XX E 87TH ST,HW149249,2013-02-08 13:30:00,-87.63542226,THEFT,2013,60620
847,034XX N HALSTED ST,HW149761,2013-02-09 01:50:00,-87.649383602,THEFT,2013,60657
848,013XX W 76TH ST,HW151281,2013-02-10 10:25:00,-87.657389725,BATTERY,2013,60620
849,064XX W BELMONT AVE,HW151699,2013-01-25 18:30:00,-87.78635292,ASSAULT,2013,60634
850,052XX S PRAIRIE AVE,HW151945,2013-02-10 22:00:00,-87.6193466,ASSAULT,2013,60615
851,011XX W 104TH PL,HW152206,2013-02-11 09:00:00,-87.65109572,ASSAULT,2013,60643
852,025XX E 73RD ST,HW152707,2013-02-11 14:00:00,-87.563855639,THEFT,2013,60649
853,060XX S HONORE ST,HW153349,2013-02-12 03:20:00,-87.670390578,ASSAULT,2013,60636
854,089XX S COMMERCIAL AVE,HW153901,2013-02-12 13:52:00,-87.55133235,ASSAULT,2013,60617
855,021XX S CHINA PL,HW153769,2013-02-12 12:20:00,-87.634802035,THEFT,2013,60616
856,014XX N WICKER PARK AVE,HW154288,2013-02-12 09:00:00,-87.675288232,THEFT,2013,60622
857,012XX W NORTH AVE,HW154800,2013-02-08 08:00:00,-87.658120918,THEFT,2013,60642
858,015XX E 56TH ST,HW156985,2013-02-14 13:00:00,-87.588542249,THEFT,2013,60637
859,055XX W HARRISON ST,HW157504,2013-02-11 15:40:00,-87.76299041,BATTERY,2013,60644
861,018XX N HARLEM AVE,HW157744,2013-02-15 13:37:00,-87.805917143,BURGLARY,2013,
862,028XX W ROOSEVELT RD,HW158176,2013-02-15 19:00:00,-87.696214119,BATTERY,2013,60623
863,033XX N HALSTED ST,HW159505,2013-02-16 00:00:00,-87.649344776,THEFT,2013,60657
864,026XX W DEVON AVE,HW156861,2013-02-14 19:45:00,-87.696309601,BATTERY,2013,60645
865,016XX W JARVIS AVE,HW161538,2013-02-18 18:20:00,-87.67193862,BATTERY,2013,60626
867,018XX N HARLEM AVE,HW161729,2013-02-18 15:00:00,-87.805908584,THEFT,2013,
868,002XX S HALSTED ST,HW163181,2013-02-20 04:15:00,-87.647255359,BATTERY,2013,60607
869,036XX W AUGUSTA BLVD,HW165861,2013-02-01 14:00:00,-87.716827348,THEFT,2013,60651
870,112XX S VERNON AVE,HW166887,2013-02-22 22:00:00,-87.612079294,THEFT,2013,60628
871,001XX W KINZIE ST,HW167034,2013-02-23 01:50:00,-87.633110109,BATTERY,2013,60654
872,073XX S PEORIA ST,HW167191,2013-02-23 02:00:00,-87.646727508,THEFT,2013,60621
873,006XX W HUBBARD ST,HW165017,2013-02-20 18:00:00,-87.645083744,THEFT,2013,60654
874,050XX S DORCHESTER AVE,HW168686,2013-02-24 13:29:00,-87.591860749,ASSAULT,2013,60615
875,010XX W NORTH AVE,HW169258,2013-02-25 05:00:00,-87.653351515,ASSAULT,2013,60642
876,003XX E 47TH ST,HW171115,2013-02-26 13:23:00,-87.618919216,BATTERY,2013,60653
877,026XX W 68TH ST,HW171487,2013-02-26 18:15:00,-87.68868291,THEFT,2013,60629
878,079XX S HONORE ST,HW173922,2013-02-28 07:30:00,-87.66948272,THEFT,2013,60620
879,027XX S ASHLAND AVE,HW176127,2013-03-02 05:00:00,-87.665840602,THEFT,2013,60608
880,059XX S RACINE AVE,HW176444,2013-03-02 12:10:00,-87.654675056,BATTERY,2013,60636
881,111XX S HALSTED ST,HW178157,2013-03-03 22:45:00,-87.642367883,BATTERY,2013,60643
882,054XX W LE MOYNE ST,HW178311,2013-03-04 06:30:00,-87.762629713,THEFT,2013,60651
883,058XX W ROOSEVELT RD,HW179749,2013-03-05 07:30:00,-87.771003981,THEFT,2013,
884,005XX S STATE ST,HW150122,2013-02-09 03:00:00,-87.6276188,THEFT,2013,60605
885,005XX E 33RD PL,HW183821,2013-03-08 08:00:00,-87.612439993,ASSAULT,2013,60616
886,119XX S PERRY AVE,HW184215,2013-03-08 16:00:00,-87.625100948,BATTERY,2013,60628
887,001XX E 113TH ST,HW184239,2013-03-08 16:00:00,-87.620636896,BATTERY,2013,60628
890,006XX N DEARBORN ST,HW186188,2013-03-10 05:00:00,-87.629701805,ROBBERY,2013,60654
891,043XX W POTOMAC AVE,HW179692,2013-03-05 07:30:00,-87.734949653,BATTERY,2013,60651
892,037XX W DICKENS AVE,HW187976,2013-03-07 22:00:00,-87.72061086,BATTERY,2013,60647
893,025XX W IOWA ST,HW188104,2013-03-11 01:30:00,-87.691509309,BATTERY,2013,60622
894,016XX N HARLEM AVE,HW189470,2013-03-12 17:10:00,-87.80576669,THEFT,2013,
895,061XX W NORTH AVE,HW190787,2013-03-12 20:00:00,-87.777791622,BATTERY,2013,
896,022XX E 99TH ST,HW191070,2013-03-13 19:45:00,-87.570112858,ASSAULT,2013,60617
897,037XX W 87TH ST,HW190281,2013-03-12 15:30:00,-87.714750325,ROBBERY,2013,
898,041XX N MENARD AVE,HW192477,2013-03-14 19:50:00,-87.77197935,ASSAULT,2013,60634
899,006XX W 72ND ST,HW193375,2013-03-15 14:20:00,-87.640482844,ASSAULT,2013,60621
900,0000X E 110TH PL,HW194068,2013-03-15 22:45:00,-87.621658468,ASSAULT,2013,60628
901,035XX N CLARK ST,HW195474,2013-03-17 02:10:00,-87.655678044,BATTERY,2013,60657
902,006XX W ALDINE AVE,HW195559,2013-03-17 03:45:00,-87.645362016,ROBBERY,2013,60657
903,035XX N CLARK ST,HW195614,2013-03-17 03:00:00,-87.656204131,BATTERY,2013,60657
904,046XX N CLIFTON AVE,HW195694,2013-03-17 08:50:00,-87.65886264,BATTERY,2013,60640
905,049XX N KEDZIE AVE,HW195911,2013-03-17 12:00:00,-87.708542649,THEFT,2013,60625
906,017XX W 119TH ST,HW196133,2013-03-15 23:23:00,-87.665495904,BATTERY,2013,
907,048XX W CORTLAND ST,HW196826,2013-03-15 21:00:00,-87.747686643,THEFT,2013,60639
908,021XX W 69TH PL,HW198765,2013-03-19 15:35:00,-87.676490976,BATTERY,2013,60636
909,032XX S KOMENSKY AVE,HW198851,2013-03-19 16:40:00,-87.7255164,BATTERY,2013,60623
910,024XX W NORTH AVE,HW198636,2013-02-28 09:00:00,-87.688089418,THEFT,2013,60622
912,060XX N LINCOLN AVE,HW203052,2013-03-20 18:20:00,-87.710049481,THEFT,2013,60659
913,007XX S STATE ST,HW205969,2013-03-25 09:30:00,-87.627551658,THEFT,2013,60605
914,006XX E 131ST ST,HW207474,2013-03-26 03:30:00,-87.606085032,BATTERY,2013,60827
915,007XX W 31ST ST,HW208014,2013-03-26 23:45:00,-87.645458414,THEFT,2013,60616
916,008XX W 66TH ST,HW208020,2013-03-26 12:30:00,-87.64538141,BURGLARY,2013,60621
917,001XX E 114TH PL,HW208072,2013-03-27 02:01:00,-87.619099909,BATTERY,2013,60628
918,027XX N CLARK ST,HW211398,2013-03-29 16:00:00,-87.644699051,BATTERY,2013,60614
919,012XX N DEARBORN ST,HW212140,2013-03-30 02:30:00,-87.63000932,BATTERY,2013,60610
920,035XX W 25TH ST,HW212357,2013-03-30 09:00:00,-87.713944053,BATTERY,2013,60623
922,044XX W ADAMS ST,HW218288,2013-04-02 21:30:00,-87.735993683,BATTERY,2013,60624
923,041XX N RAVENSWOOD AVE,HW221913,2013-04-06 11:50:00,-87.673860531,THEFT,2013,60613
924,007XX W CORNELIA AVE,HW221996,2013-04-06 14:00:00,-87.648433164,THEFT,2013,60657
925,059XX S RACINE AVE,HW222361,2013-04-06 19:52:00,-87.654662019,THEFT,2013,60621
926,006XX N CLARK ST,HW223242,2013-04-05 18:20:00,-87.63115524,BATTERY,2013,60654
927,044XX N CLARK ST,HW223584,2013-03-07 17:00:00,-87.666113924,THEFT,2013,60640
928,063XX W 65TH ST,HW225324,2013-04-09 02:00:00,-87.779483926,BATTERY,2013,
929,004XX W BELMONT AVE,HW223924,2013-03-30 11:35:00,-87.640492401,THEFT,2013,60657
930,017XX W HOWARD ST,HW226350,2013-04-09 18:48:00,-87.675049485,THEFT,2013,
931,012XX E HYDE PARK BLVD,HW226250,2013-04-09 17:54:00,-87.596305006,BATTERY,2013,60615
932,021XX W DEVON AVE,HW227885,2013-04-10 21:30:00,-87.684097432,ASSAULT,2013,60645
933,020XX W FOSTER AVE,HW232302,2013-04-14 05:30:00,-87.68056054,THEFT,2013,60625
934,025XX W 46TH PL,HW233331,2013-04-14 23:58:00,-87.688025712,BATTERY,2013,60632
935,071XX S BENNETT AVE,HW234076,2013-04-15 14:30:00,-87.57935434,BATTERY,2013,60649
936,055XX W NORTH AVE,HW234979,2013-04-16 09:25:00,-87.76365341,THEFT,2013,60651
937,035XX W 85TH ST,HW236418,2013-04-14 15:00:00,-87.710445797,THEFT,2013,60652
938,024XX E 103RD ST,HW237454,2013-04-18 02:53:00,-87.564858109,ROBBERY,2013,60617
939,003XX E 47TH ST,HW238193,2013-04-18 16:43:00,-87.618559682,THEFT,2013,60653
940,034XX N CLARK ST,HW240059,2013-04-20 01:50:00,-87.654803648,ASSAULT,2013,60657
941,037XX W 65TH PL,HW241453,2013-04-20 23:00:00,-87.716305531,THEFT,2013,60629
942,045XX S DREXEL BLVD,HW241468,2013-04-20 22:00:00,-87.604430616,THEFT,2013,60653
943,016XX N LONG AVE,HW241466,2013-04-21 00:30:00,-87.76058135,THEFT,2013,60639
944,089XX S LOWE AVE,HW242773,2013-04-22 10:40:00,-87.639846665,ASSAULT,2013,60620
946,069XX N RIDGE BLVD,HW242271,2013-04-21 22:00:00,-87.68159932,BATTERY,2013,60645
947,016XX N WELLS ST,HW246569,2013-04-24 21:56:00,-87.63471588,THEFT,2013,60614
948,114XX S ST LOUIS AVE,HW246734,2013-04-25 04:30:00,-87.707949829,THEFT,2013,60655
949,016XX S AVERS AVE,HW247949,2013-04-25 19:19:00,-87.721189746,BATTERY,2013,60623
950,026XX N LAKEVIEW AVE,HW248585,2013-04-26 11:00:00,-87.639289833,ASSAULT,2013,60614
951,033XX W 78TH ST,HW248988,2013-04-26 16:30:00,-87.706565261,BATTERY,2013,60652
952,002XX E 103RD ST,HW250744,2013-04-27 23:05:00,-87.617102467,BATTERY,2013,60628
953,004XX N CLARK ST,HW250938,2013-04-28 02:15:00,-87.631089546,BATTERY,2013,60654
954,104XX S CALHOUN AVE,HW251077,2013-04-27 23:00:00,-87.56206178,THEFT,2013,60617
955,082XX S DREXEL AVE,HW252053,2013-04-29 00:14:00,-87.60257944,THEFT,2013,60619
956,033XX W WALNUT ST,HW252347,2013-04-28 15:00:00,-87.709952709,ASSAULT,2013,60624
957,019XX E 71ST ST,HW252319,2013-04-25 16:30:00,-87.5770382,BATTERY,2013,60649
958,011XX W 50TH ST,HW252473,2013-04-27 10:00:00,-87.653195042,ASSAULT,2013,60609
959,046XX N KEDZIE AVE,HW253791,2013-04-28 03:00:00,-87.708370325,ASSAULT,2013,60625
960,016XX N HARLEM AVE,HW254370,2013-04-30 15:00:00,-87.80576669,THEFT,2013,
961,077XX S SANGAMON ST,HW254703,2013-04-30 20:15:00,-87.647762725,ROBBERY,2013,60620
962,004XX W 79TH ST,HW255366,2013-05-01 10:30:00,-87.636067776,ASSAULT,2013,60620
963,010XX W DIVERSEY PKWY,HW256134,2013-05-01 19:05:00,-87.65423363,THEFT,2013,60614
964,056XX W MADISON ST,HW256957,2013-05-02 10:50:00,-87.76527117,BATTERY,2013,60644
965,0000X E LAKE ST,HW258528,2013-05-03 10:40:00,-87.627484697,ASSAULT,2013,60601
966,015XX S KEDZIE AVE,HW259487,2013-05-04 00:10:00,-87.705486225,THEFT,2013,60623
967,013XX N LOCKWOOD AVE,HW259634,2013-05-03 18:00:00,-87.758310005,THEFT,2013,60651
968,083XX S MAY ST,HW260595,2013-05-04 21:05:00,-87.652304113,ASSAULT,2013,60620
969,049XX S WABASH AVE,HW259169,2013-05-03 17:00:00,-87.624350645,THEFT,2013,60615
970,025XX W ARTHUR AVE,HW261887,2013-05-05 20:00:00,-87.69328897,THEFT,2013,60645
971,031XX W 84TH PL,HW263293,2013-05-06 20:07:00,-87.700557119,BATTERY,2013,60652
972,086XX W FOSTER AVE,HW264614,2013-05-06 15:35:00,-87.841156435,BATTERY,2013,
973,035XX S GILES AVE,HW264680,2013-05-06 11:30:00,-87.619336758,ASSAULT,2013,60616
974,028XX S QUINN ST,HW264714,2013-05-07 19:00:00,-87.651443073,BATTERY,2013,60608
975,017XX W HOWARD ST,HW264564,2013-05-07 17:50:00,-87.675049485,THEFT,2013,
976,035XX W BEACH AVE,HW265825,2013-05-08 06:00:00,-87.715055025,THEFT,2013,60651
977,056XX N CALIFORNIA AVE,HW266798,2013-05-09 00:34:00,-87.699185707,THEFT,2013,60659
978,010XX N DEARBORN ST,HW266912,2013-05-08 17:27:00,-87.629900253,THEFT,2013,60610
979,030XX N HONORE ST,HW268484,2013-04-23 16:00:00,-87.674196058,THEFT,2013,60657
980,048XX S CHAMPLAIN AVE,HW268573,2013-05-09 12:00:00,-87.610141756,THEFT,2013,60615
981,063XX N BELL AVE,HW269348,2013-05-10 22:00:00,-87.68620737,THEFT,2013,60659
982,074XX S CICERO AVE,HW270224,2013-05-11 16:40:00,-87.741643133,ASSAULT,2013,
983,033XX N RAVENSWOOD AVE,HW271228,2013-05-11 17:00:00,-87.673947229,THEFT,2013,60657
984,011XX N LEAMINGTON AVE,HW271697,2013-05-12 22:04:00,-87.75452111,ASSAULT,2013,60651
985,030XX W NORTH AVE,HW272347,2013-03-27 10:00:00,-87.702587668,THEFT,2013,60647
986,010XX W 64TH ST,HW274881,2013-05-14 12:10:00,-87.65042101,BATTERY,2013,60621
987,026XX N MELVINA AVE,HW275012,2013-05-09 22:00:00,-87.780741979,THEFT,2013,60639
988,004XX E 32ND ST,HW276030,2013-05-15 18:30:00,-87.61677038,THEFT,2013,60616
989,0000X N STATE ST,HW275719,2013-05-11 18:00:00,-87.627850543,THEFT,2013,60602
990,045XX S CHAMPLAIN AVE,HW276330,2013-05-15 22:30:00,-87.609894404,ASSAULT,2013,60653
991,044XX N BROADWAY,HW277563,2013-05-16 18:56:00,-87.655984213,BATTERY,2013,60640
992,086XX W BRODMAN AVE,HW278312,2013-05-17 09:45:00,-87.842267949,ASSAULT,2013,60656
993,037XX W 76TH PL,HW279446,2013-05-17 19:00:00,-87.717251158,BATTERY,2013,60652
994,015XX N ROCKWELL ST,HW279587,2013-05-18 02:30:00,-87.692088338,THEFT,2013,60622
995,014XX E 66TH PL,HW282180,2013-05-20 00:05:00,-87.5903182,BATTERY,2013,60637
996,005XX S CLARK ST,HW285703,2013-05-21 20:50:00,-87.63069313,ASSAULT,2013,60605
997,108XX S AVENUE N,HW279313,2013-05-17 08:30:00,-87.53891027,ASSAULT,2013,60617
998,060XX S JUSTINE ST,HW285352,2013-05-21 22:30:00,-87.663126037,BATTERY,2013,60636
1000,033XX N HALSTED ST,HW288365,2013-05-23 23:35:00,-87.649366085,BATTERY,2013,60657
1001,059XX S INDIANA AVE,HW288521,2013-05-23 21:00:00,-87.620637517,THEFT,2013,60637
1002,035XX W BEACH AVE,HW289236,2013-05-24 15:15:00,-87.715404057,BATTERY,2013,60651
1003,040XX W GRAND AVE,HW288981,2013-05-24 12:30:00,-87.72648318,BATTERY,2013,60651
1004,024XX W TAYLOR ST,HW290047,2013-05-25 00:01:00,-87.687044067,THEFT,2013,60612
1005,028XX N CLARK ST,HW290555,2013-05-25 15:00:00,-87.645763705,ASSAULT,2013,60657
1006,017XX W HOWARD ST,HW290938,2013-05-25 21:20:00,-87.675049485,BATTERY,2013,
1007,010XX N LARAMIE AVE,HW292068,2013-05-26 21:33:00,-87.755700717,ASSAULT,2013,60651
1008,081XX S SAWYER AVE,HW295540,2013-05-29 00:00:00,-87.703488135,THEFT,2013,60652
1009,004XX E 111TH ST,HW298710,2013-05-31 16:43:00,-87.61255129,BATTERY,2013,60628
1010,012XX N ASHLAND AVE,HW298418,2013-05-26 23:20:00,-87.667498444,BATTERY,2013,60642
1011,034XX N CLARK ST,HW300819,2013-06-02 03:00:00,-87.653827678,BATTERY,2013,60657
1012,109XX S VERNON AVE,HW301385,2013-06-02 16:15:00,-87.61223726,BATTERY,2013,60628
1013,006XX W BARRY AVE,HW303638,2013-06-03 18:30:00,-87.645882525,THEFT,2013,60657
1015,059XX W ROOSEVELT RD,HW304170,2013-06-03 23:00:00,-87.773456688,BURGLARY,2013,
1016,012XX W 59TH ST,HW306323,2013-06-05 23:30:00,-87.656239847,BATTERY,2013,60636
1017,018XX W 47TH ST,HW309036,2013-06-07 19:50:00,-87.670129634,BATTERY,2013,60609
1018,035XX N CLARK ST,HW309449,2013-06-08 01:30:00,-87.656204131,THEFT,2013,60657
1019,032XX N SHEFFIELD AVE,HW309472,2013-06-08 04:00:00,-87.654122097,BATTERY,2013,60657
1020,078XX S WABASH AVE,HW310902,2013-06-08 20:00:00,-87.62302405,THEFT,2013,60619
1021,023XX W HOWARD ST,HW312226,2013-06-10 08:00:00,-87.688808077,THEFT,2013,
1022,042XX W 55TH ST,HW312288,2013-06-07 21:30:00,-87.729648246,THEFT,2013,60629
1023,005XX W LAKE ST,HW313234,2013-06-10 18:15:00,-87.641726854,THEFT,2013,60661
1024,032XX W LE MOYNE ST,HW313497,2013-06-11 07:20:00,-87.707874418,THEFT,2013,60651
1025,100XX S AVENUE M,HW314609,2013-06-11 20:15:00,-87.537694141,ASSAULT,2013,60617
1026,048XX N FRANCISCO AVE,HW315638,2013-06-12 15:15:00,-87.700488807,BATTERY,2013,60625
1027,036XX S HERMITAGE AVE,HW317263,2013-05-20 23:00:00,-87.66911451,THEFT,2013,60609
1028,066XX S LAFLIN ST,HW319503,2013-06-15 05:00:00,-87.661608159,BATTERY,2013,60636
1029,077XX S JEFFERY BLVD,HW319438,2013-06-15 03:30:00,-87.576045629,ARSON,2013,60649
1030,013XX E 89TH ST,HW321221,2013-06-16 12:15:00,-87.591348068,ASSAULT,2013,60619
1031,011XX S MOZART ST,HW322362,2013-06-17 02:30:00,-87.6971543,BATTERY,2013,60612
1032,071XX S DREXEL AVE,HW324988,2013-06-18 17:15:00,-87.60310295,BATTERY,2013,60619
1033,004XX W MELROSE ST,HW325213,2013-06-18 15:00:00,-87.640484313,THEFT,2013,60657
1034,045XX S ST LOUIS AVE,HW327572,2013-06-20 15:15:00,-87.7112475,BATTERY,2013,60632
1035,090XX S WESTERN AVE,HW328076,2013-06-20 14:55:00,-87.682326711,THEFT,2013,
1036,017XX N CLARK ST,HW328123,2013-06-15 14:00:00,-87.633396724,THEFT,2013,60614
1037,031XX N BROADWAY,HW328832,2013-06-21 11:35:00,-87.644358344,THEFT,2013,60657
1038,013XX W ADDISON ST,HW329350,2013-06-20 20:00:00,-87.66207156,THEFT,2013,60657
1039,030XX N CLARK ST,HW333967,2013-06-25 00:45:00,-87.648132335,BATTERY,2013,60657
1040,039XX W JACKSON BLVD,HW334096,2013-06-25 05:23:00,-87.723714312,ARSON,2013,60624
1041,003XX E 131ST PL,HW335695,2013-06-25 17:30:00,-87.614159613,ASSAULT,2013,60827
1042,002XX N HAMLIN BLVD,HW336255,2013-06-25 14:00:00,-87.72087861,THEFT,2013,60624
1043,020XX W 69TH PL,HW337065,2013-06-27 01:33:00,-87.67490725,BATTERY,2013,60636
1044,017XX W HOWARD ST,HW338383,2013-06-27 21:37:00,-87.675049485,THEFT,2013,
1045,034XX N BROADWAY,HW338694,2013-06-28 05:00:00,-87.645430882,ROBBERY,2013,60657
1046,026XX W 86TH PL,HW338971,2013-06-28 09:00:00,-87.688914725,ASSAULT,2013,60652
1047,104XX S EWING AVE,HW339642,2013-06-28 18:12:00,-87.535286373,BATTERY,2013,60617
1048,009XX W 66TH ST,HW339834,2013-06-28 20:50:00,-87.64737605,ASSAULT,2013,60621
1049,022XX N LEAMINGTON AVE,HW339896,2013-06-28 19:30:00,-87.75482409,BATTERY,2013,60639
1050,014XX N KARLOV AVE,HW340904,2013-06-29 16:05:00,-87.728861037,BATTERY,2013,60651
1051,104XX S AVENUE E,HW341892,2013-06-29 19:00:00,-87.529244933,THEFT,2013,60617
1052,003XX N LA SALLE DR,HW344469,2013-07-01 20:00:00,-87.632512191,THEFT,2013,60654
1053,066XX S WESTERN AVE,HW344859,2013-07-02 12:45:00,-87.683468276,ASSAULT,2013,60629
1054,010XX W IRVING PARK RD,HW348312,2013-07-04 19:00:00,-87.656682073,THEFT,2013,60613
1055,038XX S WELLS ST,HW349644,2013-07-05 14:00:00,-87.632685399,THEFT,2013,60609
1056,057XX W GRAND AVE,HW352805,2013-07-08 04:00:00,-87.768551783,BATTERY,2013,60639
1057,080XX S CICERO AVE,HW353797,2013-07-08 19:00:00,-87.741260209,THEFT,2013,
1058,016XX S ST LOUIS AVE,HW355723,2013-07-09 23:00:00,-87.71275698,BATTERY,2013,60623
1059,012XX W VICTORIA ST,HW356236,2013-06-27 20:00:00,-87.662621685,THEFT,2013,60660
1060,041XX N DAMEN AVE,HW356383,2013-06-30 15:00:00,-87.678848106,THEFT,2013,60618
1061,036XX N CLARK ST,HW357225,2013-07-11 03:45:00,-87.65759375,BATTERY,2013,60613
1062,029XX W 87TH ST,HW357668,2013-07-09 17:00:00,-87.695768531,THEFT,2013,
1065,017XX W HOWARD ST,HW359847,2013-07-12 20:10:00,-87.675049485,THEFT,2013,
1067,042XX N MARMORA AVE,HW364884,2013-07-12 21:00:00,-87.77447363,THEFT,2013,60634
1068,063XX W NORTH AVE,HW365441,2013-07-16 16:50:00,-87.783953077,ASSAULT,2013,
1069,015XX S WABASH AVE,HW365437,2013-07-16 17:50:00,-87.625690175,ASSAULT,2013,60605
1070,010XX N DRAKE AVE,HW365925,2013-07-17 00:15:00,-87.715228638,BATTERY,2013,60651
1071,035XX W 61ST ST,HW369124,2013-07-18 21:00:00,-87.71130566,ASSAULT,2013,60629
1072,047XX S KEDZIE AVE,HW369648,2013-07-19 14:15:00,-87.703963414,BATTERY,2013,60632
1073,048XX N FRANCISCO AVE,HW370134,2013-07-18 17:00:00,-87.700488807,BATTERY,2013,60625
1074,002XX N LAFLIN ST,HW370601,2013-07-20 04:00:00,-87.664294079,BATTERY,2013,60607
1075,031XX S KEDVALE AVE,HW372094,2013-07-21 06:40:00,-87.727988133,BATTERY,2013,60623
1076,053XX N ELSTON AVE,HW369594,2013-07-18 17:00:00,-87.75708711,THEFT,2013,60630
1077,034XX N CLARK ST,HW373983,2013-07-21 03:00:00,-87.654803648,THEFT,2013,60657
1078,019XX W MELROSE ST,HW374585,2013-07-22 20:14:00,-87.677181158,BATTERY,2013,60657
1079,061XX N SHERIDAN RD,HW375873,2013-07-23 16:00:00,-87.655497959,ASSAULT,2013,60660
1080,009XX N LONG AVE,HW376310,2013-07-23 23:00:00,-87.760749736,ASSAULT,2013,60651
1081,007XX W 17TH ST,HW376429,2013-07-23 16:00:00,-87.64551492,BURGLARY,2013,60616
1082,031XX S EMERALD AVE,HW376793,2013-07-13 17:00:00,-87.645044426,THEFT,2013,60616
1083,052XX W GRAND AVE,HW377090,2013-07-24 13:00:00,-87.75834295,ASSAULT,2013,60639
1084,054XX S CENTRAL AVE,HW377705,2013-07-24 01:00:00,-87.762340972,BATTERY,2013,60638
1085,065XX N RICHMOND ST,HW377927,2013-07-25 01:55:00,-87.703370121,BATTERY,2013,60645
1086,037XX W 58TH ST,HW378199,2013-07-24 14:30:00,-87.716647685,BATTERY,2013,60629
1088,007XX N LA SALLE DR,HW378484,2013-07-25 13:29:00,-87.632686147,BATTERY,2013,60654
1089,020XX W ESTES AVE,HW379428,2013-07-26 03:30:00,-87.681532021,THEFT,2013,60645
1090,013XX S WASHTENAW AVE,HW379695,2013-07-25 19:00:00,-87.693346684,ASSAULT,2013,60608
1091,034XX W 84TH PL,HW380532,2013-07-26 18:40:00,-87.708241979,BATTERY,2013,60652
1092,042XX S LAKE PARK AVE,HW381092,2013-07-27 02:30:00,-87.599571629,BATTERY,2013,60653
1093,109XX S WASHTENAW AVE,HW381350,2013-07-25 18:00:00,-87.688640052,THEFT,2013,60655
1095,043XX W CRYSTAL ST,HW381845,2013-07-27 07:00:00,-87.735024253,THEFT,2013,60651
1096,001XX W 104TH ST,HW382221,2013-07-27 14:15:00,-87.626876504,THEFT,2013,60628
1097,046XX N KILDARE AVE,HW383343,2013-07-28 08:30:00,-87.735764201,THEFT,2013,60630
1098,023XX W HOWARD ST,HW383396,2013-07-28 21:30:00,-87.689521977,ROBBERY,2013,
1099,042XX W 55TH ST,HW384380,2013-07-29 14:00:00,-87.729820618,ASSAULT,2013,60629
1100,005XX S STATE ST,HW384383,2013-07-12 21:58:00,-87.627621989,THEFT,2013,60605
1101,012XX N WOOD ST,HW386153,2013-07-30 19:45:00,-87.672422446,BURGLARY,2013,60622
1102,016XX N KEELER AVE,HW388943,2013-08-01 11:00:00,-87.73124178,THEFT,2013,60639
1103,085XX S BENNETT AVE,HW389131,2013-08-01 20:40:00,-87.57820179,ASSAULT,2013,60617
1104,031XX N CLARK ST,HW390939,2013-08-03 01:15:00,-87.650385064,THEFT,2013,60657
1105,017XX W HOWARD ST,HW391155,2013-08-03 06:23:00,-87.675049485,THEFT,2013,
1106,013XX S HOMAN AVE,HW391193,2013-08-03 01:00:00,-87.71046084,THEFT,2013,60623
1107,030XX E 79TH ST,HW391510,2013-08-03 13:00:00,-87.55123396,BATTERY,2013,60617
1108,009XX E 132ND ST,HW392099,2013-08-03 20:50:00,-87.598865792,BATTERY,2013,60827
1109,012XX N CLEAVER ST,HW393822,2013-08-04 23:30:00,-87.663846189,THEFT,2013,60642
1110,046XX N LAMON AVE,HW394039,2013-08-02 14:30:00,-87.750124265,THEFT,2013,60630
1111,016XX S PRAIRIE AVE,HW395754,2013-08-06 12:15:00,-87.620815406,ASSAULT,2013,60616
1112,008XX E 79TH ST,HW396709,2013-08-07 00:25:00,-87.603665552,ASSAULT,2013,60619
1113,004XX S WELLS ST,HW397432,2013-08-07 14:30:00,-87.63367745,THEFT,2013,60605
1114,066XX S FRANCISCO AVE,HW397875,2013-08-07 18:30:00,-87.6956748,ASSAULT,2013,60629
1116,067XX S ROCKWELL ST,HW392961,2013-08-03 19:00:00,-87.68831724,ROBBERY,2013,60629
1117,036XX N CLARK ST,HW402514,2013-08-11 00:02:00,-87.65710387,BATTERY,2013,60613
1118,006XX E PERSHING RD,HW407918,2013-08-14 17:30:00,-87.611360956,THEFT,2013,60653
1119,029XX W MADISON ST,HW408521,2013-08-13 10:00:00,-87.699348928,THEFT,2013,60612
1120,024XX W 59TH ST,HW409165,2013-08-15 16:55:00,-87.684418415,ASSAULT,2013,60629
1121,079XX S STATE ST,HW412625,2013-08-18 04:55:00,-87.624538423,BATTERY,2013,60619
1122,002XX W DIVISION ST,HW413026,2013-08-18 12:15:00,-87.635561788,THEFT,2013,60610
1123,001XX E WALTON ST,HW413185,2013-08-18 11:00:00,-87.62305924,THEFT,2013,60611
1125,008XX W BELMONT AVE,HW413844,2013-08-13 05:30:00,-87.650917732,THEFT,2013,60657
1126,067XX S ABERDEEN ST,HW415169,2013-08-19 22:10:00,-87.651869687,THEFT,2013,60621
1127,002XX W HUBBARD ST,HW417506,2013-08-21 14:45:00,-87.634574144,THEFT,2013,60654
1129,024XX E 75TH ST,HW419034,2013-08-22 15:51:00,-87.563682751,BATTERY,2013,60649
1130,056XX W CHICAGO AVE,HW415944,2013-08-20 14:15:00,-87.76601592,BATTERY,2013,60651
1131,008XX W CORNELIA AVE,HW421236,2013-08-24 02:00:00,-87.65105034,THEFT,2013,60657
1132,037XX W HURON ST,HW360597,2013-07-13 12:12:00,-87.719003201,BATTERY,2013,60624
1134,031XX W ARTHINGTON ST,HW425017,2013-08-26 19:00:00,-87.70443239,BATTERY,2013,60612
1135,001XX N WALLER AVE,HW426843,2013-08-28 02:17:00,-87.76821448,BATTERY,2013,60644
1136,008XX N RUSH ST,HW432052,2013-08-31 14:00:00,-87.62570147,THEFT,2013,60611
1137,005XX W SURF ST,HW429217,2013-08-29 14:45:00,-87.641484982,BATTERY,2013,60657
1138,005XX N LEAMINGTON AVE,HW432295,2013-08-31 18:30:00,-87.754190203,BATTERY,2013,60644
1139,005XX E 88TH PL,HW432914,2013-09-01 10:50:00,-87.611026149,BATTERY,2013,60619
1140,008XX W WELLINGTON AVE,HW433289,2013-09-01 16:15:00,-87.649960168,BATTERY,2013,60657
1141,127XX S LOWE AVE,HW435577,2013-09-03 09:00:00,-87.637814561,BATTERY,2013,60628
1142,031XX W POLK ST,HW437667,2013-09-01 16:00:00,-87.704361047,BATTERY,2013,60612
1143,006XX N STATE ST,HW439713,2013-09-05 09:00:00,-87.628106353,THEFT,2013,60611
1144,033XX N CLARK ST,HW441094,2013-09-07 00:10:00,-87.653189333,BATTERY,2013,60657
1145,064XX N TALMAN AVE,HW440955,2013-09-06 22:30:00,-87.69600517,THEFT,2013,60645
1146,005XX E 43RD ST,HW441252,2013-09-07 06:45:00,-87.613606382,ASSAULT,2013,60653
1147,052XX S MICHIGAN AVE,HW442827,2013-09-08 10:50:00,-87.62257371,ROBBERY,2013,60615
1148,005XX N LA SALLE DR,HW441226,2013-09-07 02:30:00,-87.632564987,THEFT,2013,60654
1149,072XX S LUELLA AVE,HW439705,2013-09-06 06:18:00,-87.570108866,THEFT,2013,60649
1150,003XX N PINE AVE,HW445935,2013-09-07 21:00:00,-87.763416552,THEFT,2013,60644
1151,051XX W LAKE ST,HW446760,2013-09-11 03:10:00,-87.754255061,BATTERY,2013,60644
1152,009XX W 116TH PL,HW451517,2013-09-14 11:30:00,-87.646200374,BATTERY,2013,60643
1153,023XX S WENTWORTH AVE,HW456849,2013-09-18 11:25:00,-87.631943164,THEFT,2013,60616
1155,013XX W 76TH ST,HW459007,2013-09-19 19:30:00,-87.65709614,BURGLARY,2013,60620
1156,070XX S BENNETT AVE,HW459341,2013-09-19 22:00:00,-87.57876851,THEFT,2013,60649
1157,013XX W BELMONT AVE,HW459825,2013-09-20 14:10:00,-87.662365104,THEFT,2013,60657
1159,025XX W 63RD ST,HW462887,2013-09-22 18:35:00,-87.68639517,BATTERY,2013,60629
1160,043XX N SPAULDING AVE,HW463419,2013-09-23 00:00:00,-87.710676377,THEFT,2013,60618
1161,079XX S KEDZIE AVE,HW463836,2013-09-22 10:30:00,-87.70236927,THEFT,2013,60652
1162,048XX W RICE ST,HW463900,2013-09-23 15:38:00,-87.746693531,BATTERY,2013,60651
1164,032XX N HALSTED ST,HW464592,2013-09-23 23:30:00,-87.649308375,THEFT,2013,60657
1165,057XX N ROCKWELL ST,HW464641,2013-09-23 21:00:00,-87.694374614,THEFT,2013,60659
1167,051XX S DAMEN AVE,HW470192,2013-09-27 20:00:00,-87.674497234,BATTERY,2013,60609
1168,036XX S WELLS ST,HW472738,2013-09-29 10:40:00,-87.632658693,THEFT,2013,60609
1169,024XX N LUNA AVE,HW473342,2013-09-21 21:50:00,-87.764790972,ASSAULT,2013,60639
1170,090XX S BISHOP ST,HW473387,2013-09-29 23:00:00,-87.659245,THEFT,2013,60620
1171,020XX W JARVIS AVE,HW473384,2013-09-30 10:30:00,-87.680870937,BATTERY,2013,60645
1172,116XX S JUSTINE ST,HW473700,2013-09-29 20:00:00,-87.660307801,THEFT,2013,60643
1173,072XX N HARLEM AVE,HW473849,2013-09-30 14:00:00,-87.806632113,ASSAULT,2013,
1174,014XX S LOOMIS ST,HW474267,2013-09-30 19:55:00,-87.661463799,ASSAULT,2013,60608
1175,019XX N LECLAIRE AVE,HW464359,2013-09-09 19:45:00,-87.752878942,BATTERY,2013,60639
1176,044XX W 87TH ST,HW475571,2013-09-06 12:00:00,-87.73179004,THEFT,2013,
1177,012XX N AUSTIN BLVD,HW476203,2013-10-02 07:45:00,-87.775378157,THEFT,2013,
1178,004XX S WELLS ST,HW476734,2013-10-02 13:30:00,-87.633682279,THEFT,2013,60605
1179,057XX S EMERALD AVE,HW477031,2013-10-01 19:30:00,-87.64383228,THEFT,2013,60621
1180,053XX N BROADWAY,HW476942,2013-10-02 17:02:00,-87.659941972,ROBBERY,2013,60640
1181,025XX N KIMBALL AVE,HW476585,2013-10-02 12:50:00,-87.712171345,BATTERY,2013,60647
1182,031XX W DEVON AVE,HW477600,2013-09-11 18:00:00,-87.70750627,THEFT,2013,60645
1183,022XX S OAKLEY AVE,HW482078,2013-10-06 12:45:00,-87.68318274,THEFT,2013,60608
1184,010XX W 32ND PL,HW482756,2013-10-07 02:00:00,-87.651638411,BATTERY,2013,60608
1185,002XX S CLARK ST,HW483310,2013-10-07 13:00:00,-87.630805682,THEFT,2013,60604
1186,002XX W ADAMS ST,HW486287,2013-10-09 09:00:00,-87.634289354,THEFT,2013,60606
1187,124XX S UNION AVE,HW487138,2013-10-09 01:00:00,-87.639175664,ASSAULT,2013,60628
1188,043XX S CALUMET AVE,HW487572,2013-10-10 06:25:00,-87.618337289,THEFT,2013,60653
1189,007XX W 82ND ST,HW488837,2013-10-11 13:00:00,-87.643112014,ASSAULT,2013,60620
1190,064XX S DORCHESTER AVE,HW489464,2013-10-09 15:00:00,-87.59144716,THEFT,2013,60637
1191,071XX S CLYDE AVE,HW490293,2013-10-12 13:30:00,-87.57385334,ASSAULT,2013,60649
1192,003XX S HALSTED ST,HW491498,2013-10-12 10:00:00,-87.647230943,THEFT,2013,60607
1193,039XX W MADISON ST,HW491776,2013-10-13 18:30:00,-87.72506426,THEFT,2013,60624
1194,010XX W NORTH AVE,HW492201,2013-10-13 17:00:00,-87.654560398,BURGLARY,2013,60614
1195,009XX W CUYLER AVE,HW492920,2013-10-14 06:20:00,-87.653322448,ASSAULT,2013,60613
1196,033XX W BEACH AVE,HW494100,2013-10-14 11:00:00,-87.710341283,ASSAULT,2013,60651
1197,038XX W WILCOX ST,HW497465,2013-10-18 08:37:00,-87.721861126,BATTERY,2013,60624
1198,131XX S ELLIS AVE,HW497540,2013-10-17 15:15:00,-87.59768703,BATTERY,2013,60827
1199,008XX N FRANKLIN ST,HW498513,2013-10-18 23:00:00,-87.635752118,THEFT,2013,60610
1200,006XX W BELMONT AVE,HW498507,2013-10-18 23:44:00,-87.645010397,THEFT,2013,60657
1201,001XX E PERSHING RD,HW498886,2013-10-19 10:13:00,-87.622633324,ASSAULT,2013,60653
1202,0000X W KINZIE ST,HW499865,2013-10-20 02:38:00,-87.628415777,BATTERY,2013,60654
1203,011XX N KARLOV AVE,HW501180,2013-10-20 04:00:00,-87.728722781,BATTERY,2013,60651
1204,063XX N GREENVIEW AVE,HW501676,2013-10-18 18:30:00,-87.667802252,THEFT,2013,60660
1205,094XX S EWING AVE,HW504551,2013-10-23 16:15:00,-87.537338729,ASSAULT,2013,60617
1206,030XX E 79TH ST,HW504633,2013-10-23 15:40:00,-87.551153308,ASSAULT,2013,60617
1207,017XX W HOWARD ST,HW507888,2013-10-26 09:33:00,-87.675049485,THEFT,2013,
1209,010XX W BELMONT AVE,HW508924,2013-10-27 04:43:00,-87.654626945,BATTERY,2013,60657
1210,003XX W CHICAGO AVE,HW509092,2013-10-27 10:20:00,-87.636063322,THEFT,2013,60610
1211,012XX N AUSTIN BLVD,HW510333,2013-10-28 11:30:00,-87.775392653,BURGLARY,2013,
1212,109XX S STATE ST,HW510919,2013-10-28 15:20:00,-87.62319484,BATTERY,2013,60628
1213,018XX W HOWARD ST,HW512610,2013-10-29 12:15:00,-87.677124936,THEFT,2013,
1214,035XX S MICHIGAN AVE,HW516923,2013-10-24 15:30:00,-87.623247369,THEFT,2013,60653
1215,045XX N BERNARD ST,HW517917,2013-10-29 09:00:00,-87.714460031,THEFT,2013,60625
1216,048XX S LAWLER AVE,HW518744,2013-11-02 20:00:00,-87.749194257,THEFT,2013,60638
1217,029XX W FULTON ST,HW519275,2013-11-03 16:20:00,-87.699838571,BATTERY,2013,60612
1218,009XX W NORTH AVE,HW524410,2013-11-07 12:00:00,-87.651995629,THEFT,2013,60642
1219,022XX W 54TH PL,HW525061,2013-11-07 22:15:00,-87.68106805,BATTERY,2013,60609
1220,036XX W NORTH AVE,HW525199,2013-11-08 05:30:00,-87.717383916,THEFT,2013,60647
1221,020XX W 69TH PL,HW526193,2013-11-08 19:30:00,-87.674881564,ASSAULT,2013,60636
1222,035XX W WABANSIA AVE,HW526351,2013-11-08 21:36:00,-87.71441225,ARSON,2013,60647
1223,010XX E 47TH ST,HW525918,2013-11-08 16:30:00,-87.60071921,BATTERY,2013,60615
1224,085XX W HIGGINS RD,HW527097,2013-11-04 13:00:00,-87.840319644,THEFT,2013,
1225,017XX W HOWARD ST,HW527054,2013-11-09 13:00:00,-87.675049485,THEFT,2013,
1226,0000X W 26TH ST,HW527733,2013-11-10 02:00:00,-87.62738695,BATTERY,2013,60616
1227,0000X E OHIO ST,HW528684,2013-11-10 12:30:00,-87.627443675,THEFT,2013,60611
1228,024XX W 24TH ST,HW530196,2013-11-11 08:15:00,-87.686653072,THEFT,2013,60608
1230,014XX N HALSTED ST,HW532353,2013-11-13 17:40:00,-87.648197855,THEFT,2013,60610
1231,049XX W PENSACOLA AVE,HW533312,2013-11-14 15:05:00,-87.75089183,ASSAULT,2013,60641
1232,005XX N FRANKLIN ST,HW533748,2013-11-14 18:30:00,-87.635569006,THEFT,2013,60654
1234,002XX E HURON ST,HW534551,2013-11-15 13:15:00,-87.62152816,THEFT,2013,60611
1235,012XX W 47TH ST,HW536056,2013-11-16 16:00:00,-87.655543811,ASSAULT,2013,60609
1236,040XX W 26TH ST,HW538236,2013-11-17 10:00:00,-87.724855768,BATTERY,2013,60623
1237,073XX N HARLEM AVE,HW538870,2013-11-18 11:30:00,-87.806609358,BURGLARY,2013,
1238,020XX N CICERO AVE,HW539277,2013-11-19 09:30:00,-87.7461245,ASSAULT,2013,60639
1239,034XX W OGDEN AVE,HW538910,2013-11-18 14:30:00,-87.711823722,THEFT,2013,60623
1240,017XX N DAMEN AVE,HW539953,2013-11-19 16:00:00,-87.67750843,THEFT,2013,60622
1241,031XX W PRATT BLVD,HW540104,2013-11-19 14:45:00,-87.70824091,BATTERY,2013,60645
1242,006XX W 71ST ST,HW539923,2013-11-19 15:45:00,-87.641255151,BATTERY,2013,60621
1243,038XX W SCHOOL ST,HW540300,2013-11-19 21:00:00,-87.72405852,THEFT,2013,60618
1244,015XX N MOHAWK ST,HW541563,2013-11-20 18:50:00,-87.642192166,ROBBERY,2013,60610
1245,012XX E 95TH ST,HW541508,2013-11-20 18:30:00,-87.594317141,BATTERY,2013,60628
1246,049XX S DREXEL BLVD,HW541260,2013-11-20 14:15:00,-87.603808314,ASSAULT,2013,60615
1247,036XX W CORTLAND ST,HW543704,2013-11-22 02:00:00,-87.717022669,THEFT,2013,60647
1248,023XX W 95TH ST,HW544233,2013-11-22 13:15:00,-87.680020021,THEFT,2013,60620
1249,068XX S CORNELL AVE,HW546205,2013-11-24 12:00:00,-87.58500756,ASSAULT,2013,60649
1250,022XX W 18TH ST,HW547099,2013-11-25 09:45:00,-87.681586313,BATTERY,2013,60608
1251,021XX W 71ST ST,HW547746,2013-11-25 17:25:00,-87.676236515,BATTERY,2013,60636
1252,0000X W SUPERIOR ST,HW548584,2013-11-25 14:00:00,-87.630123073,THEFT,2013,60654
1253,0000X E 112TH PL,HW549495,2013-11-26 21:00:00,-87.622000047,THEFT,2013,60628
1254,011XX N MAYFIELD AVE,HW550765,2013-11-27 22:55:00,-87.772904439,BATTERY,2013,60651
1255,068XX S ADA ST,HW552036,2013-11-27 14:30:00,-87.657890824,THEFT,2013,60636
1256,008XX E 100TH ST,HW553569,2013-11-30 18:00:00,-87.60274598,BATTERY,2013,60628
1257,006XX N DEARBORN ST,HW553889,2013-12-01 00:45:00,-87.629701805,BATTERY,2013,60654
1258,025XX N MILWAUKEE AVE,HW555125,2013-12-01 00:45:00,-87.70453554,THEFT,2013,60647
1259,003XX W ERIE ST,HW555469,2013-12-02 03:00:00,-87.637527948,THEFT,2013,60654
1260,002XX W HUBBARD ST,HW557088,2013-11-20 14:00:00,-87.634559455,THEFT,2013,60654
1261,032XX W 85TH ST,HW558369,2013-12-03 11:20:00,-87.703270432,THEFT,2013,60652
1262,015XX N MOHAWK ST,HW558614,2013-12-04 16:00:00,-87.642219371,THEFT,2013,60610
1263,035XX W 79TH ST,HW560265,2013-12-05 20:03:00,-87.711035572,BATTERY,2013,60652
1264,013XX W 79TH ST,HW560125,2013-12-05 17:00:00,-87.657993425,ASSAULT,2013,60620
1265,032XX W PALMER ST,HW561504,2013-12-06 20:15:00,-87.707275496,BATTERY,2013,60647
1266,028XX E 76TH ST,HW562014,2013-12-05 16:17:00,-87.555914162,BATTERY,2013,60649
1267,015XX W NORWOOD ST,HW563493,2013-12-08 00:00:00,-87.66823523,THEFT,2013,60660
1268,057XX N WESTERN AVE,HW564004,2013-12-09 01:16:00,-87.689505055,THEFT,2013,60659
1269,011XX N SPRINGFIELD AVE,HW564399,2013-12-09 11:50:00,-87.723826867,BATTERY,2013,60651
1270,025XX N MOZART ST,HW565621,2013-12-10 01:00:00,-87.69872094,THEFT,2013,60647
1271,004XX S PEORIA ST,HW566445,2013-12-10 12:00:00,-87.649530587,BATTERY,2013,60607
1272,086XX S CICERO AVE,HW566650,2013-12-10 18:00:00,-87.740929743,THEFT,2013,
1273,022XX E 95TH ST,HW567467,2013-12-11 16:30:00,-87.57036032,BATTERY,2013,60617
1274,005XX E 47TH ST,HW569887,2013-12-13 18:00:00,-87.613320823,BATTERY,2013,60653
1275,068XX S MICHIGAN AVE,HW569332,2013-12-13 12:32:00,-87.62181707,ROBBERY,2013,60637
1276,039XX N HARLEM AVE,HW572137,2013-12-15 18:00:00,-87.807203235,THEFT,2013,60634
1277,003XX N AUSTIN BLVD,HW572579,2013-12-16 10:30:00,-87.77484598,BURGLARY,2013,
1278,082XX S MAY ST,HW574897,2013-12-18 04:20:00,-87.652354099,BATTERY,2013,60620
1279,033XX N CLARK ST,HW577449,2013-12-19 22:20:00,-87.653189333,BATTERY,2013,60657
1280,013XX S KOLIN AVE,HW578962,2013-12-21 03:00:00,-87.733662657,BATTERY,2013,60623
1281,0000X W CHICAGO AVE,HW579338,2013-12-21 12:08:00,-87.630321495,BATTERY,2013,60610
1282,001XX W KINZIE ST,HW579894,2013-12-21 19:56:00,-87.631857533,THEFT,2013,60654
1283,020XX W NORTH AVE,HW582489,2013-12-24 02:30:00,-87.678407267,THEFT,2013,60622
1284,016XX N THROOP ST,HW582880,2013-12-23 23:30:00,-87.661141924,THEFT,2013,60642
1285,002XX S LOTUS AVE,HW583269,2013-12-23 16:15:00,-87.761717951,THEFT,2013,60644
1286,056XX N RIDGE AVE,HW583851,2013-12-25 00:01:00,-87.660855375,THEFT,2013,60660
1287,002XX E 90TH PL,HW585405,2013-12-27 00:30:00,-87.618663204,THEFT,2013,60619
1288,020XX W SCHILLER ST,HW585613,2013-12-27 14:45:00,-87.678085051,THEFT,2013,60622
1289,006XX S WABASH AVE,HW585931,2013-12-26 16:45:00,-87.62599014,ASSAULT,2013,60605
1290,054XX S MORGAN ST,HW581053,2013-12-22 20:48:00,-87.650053315,ASSAULT,2013,60609
1291,055XX S JUSTINE ST,HW586739,2013-12-28 13:15:00,-87.663329176,ASSAULT,2013,60636
1292,006XX W MELROSE ST,HW586929,2013-12-25 18:00:00,-87.645285388,THEFT,2013,60657
1293,053XX S HARLEM AVE,HW587336,2013-12-28 21:20:00,-87.801610704,THEFT,2013,
1294,075XX N BELL AVE,HW587681,2013-12-29 10:00:00,-87.686519359,ASSAULT,2013,60645
1295,032XX S RHODES AVE,HW589917,2013-12-30 21:00:00,-87.613441029,THEFT,2013,60616
1296,018XX E 71ST ST,HW590024,2013-12-31 12:20:00,-87.579610048,THEFT,2013,60649
1297,009XX W 63RD ST,HX102497,2013-12-31 19:00:00,-87.647508582,BATTERY,2013,60621
1298,034XX N SHEFFIELD AVE,HX114245,2013-12-20 18:03:00,-87.654255601,THEFT,2013,60657
1299,015XX N HOYNE AVE,HX137695,2013-12-29 00:40:00,-87.679852222,THEFT,2013,60622
1300,007XX W GRAND AVE,HX160444,2013-10-29 16:30:00,-87.646276773,THEFT,2013,60654
1301,006XX N STATE ST,HX249614,2013-02-02 08:00:00,-87.62814321,THEFT,2013,60654
1334,077XX S DREXEL AVE,HY206061,2013-12-14 11:00:00,-87.602829212,CRIM SEXUAL ASSAULT,2013,60619
1335,003XX E 73RD ST,HY206488,2013-04-01 15:00:00,-87.616207711,THEFT,2013,60619
1338,016XX S CHRISTIANA AVE,HY207724,2013-01-01 21:30:00,-87.709081493,CRIM SEXUAL ASSAULT,2013,60623
1345,034XX W DIVISION ST,HY211826,2013-07-01 00:01:00,-87.712718182,CRIM SEXUAL ASSAULT,2013,60651
1351,061XX S GREENWOOD AVE,HY216282,2013-04-15 00:00:00,-87.59950694,CRIM SEXUAL ASSAULT,2013,60637
1354,042XX S PRINCETON AVE,HY216964,2013-02-27 19:00:00,-87.633567673,ASSAULT,2013,60609
1356,014XX W NORTH AVE,HY220427,2013-10-15 15:00:00,-87.662996819,THEFT,2013,60642
1377,063XX N CLARK ST,HY232890,2013-06-01 17:00:00,-87.670440998,THEFT,2013,60660
1384,020XX W BIRCHWOOD AVE,HY231387,2013-01-01 00:00:00,-87.682019778,CRIM SEXUAL ASSAULT,2013,60645
1389,014XX E 59TH ST,HY230689,2013-05-01 00:01:00,-87.589709501,CRIM SEXUAL ASSAULT,2013,60637
1399,024XX N RUTHERFORD AVE,HY250095,2013-04-08 00:00:00,-87.794044738,CRIM SEXUAL ASSAULT,2013,60707
1412,011XX W 34TH PL,HY259886,2013-11-06 06:30:00,-87.65453611,MOTOR VEHICLE THEFT,2013,60608
1413,012XX W PRATT BLVD,HY257832,2013-05-12 00:00:00,-87.661601175,THEFT,2013,60626
1416,041XX N ALBANY AVE,HY261561,2013-05-31 00:01:00,-87.705655305,THEFT,2013,60618
1432,006XX E 133RD ST,HY286272,2013-06-10 00:01:00,-87.606803247,CRIM SEXUAL ASSAULT,2013,60827
1438,028XX S KARLOV AVE,HY290315,2013-06-01 00:00:00,-87.726857999,CRIM SEXUAL ASSAULT,2013,60623
1440,110XX S AVENUE N,HY293438,2013-06-09 09:00:00,-87.538903034,ASSAULT,2013,60617
1443,011XX W LUNT AVE,HY296467,2013-10-13 12:00:00,-87.660830285,THEFT,2013,60626
1447,007XX S LA SALLE ST,HY297988,2013-08-28 20:00:00,-87.631642555,CRIM SEXUAL ASSAULT,2013,60605
1456,075XX S CLYDE AVE,HY303447,2013-07-29 10:30:00,-87.573682702,MOTOR VEHICLE THEFT,2013,60649
1471,054XX S UNION AVE,HY323168,2013-06-08 00:01:00,-87.642761358,THEFT,2013,60609
1475,095XX S STATE ST,HY330201,2013-04-03 14:00:00,-87.623717187,THEFT,2013,60628
1476,043XX W FORD CITY DR,HY330966,2013-11-22 09:00:00,-87.73040747,BURGLARY,2013,60652
1481,033XX N SHEFFIELD AVE,HY333914,2013-01-01 00:00:00,-87.65417621,THEFT,2013,60657
1482,060XX N KENMORE AVE,HY333856,2013-12-03 12:00:00,-87.656859584,BATTERY,2013,60660
1483,092XX S MARQUETTE AVE,HY334834,2013-06-10 17:00:00,-87.558103128,ASSAULT,2013,60617
1493,008XX N ORLEANS ST,HY349738,2013-12-17 01:30:00,-87.637246929,BATTERY,2013,60610
1498,039XX W 14TH ST,HY354252,2013-04-01 12:00:00,-87.724311736,CRIM SEXUAL ASSAULT,2013,60623
1500,035XX W 71ST ST,HY358232,2013-10-01 00:00:00,-87.711250799,CRIM SEXUAL ASSAULT,2013,60629
1510,054XX N LOVEJOY AVE,HY369057,2013-08-01 00:01:00,-87.770251164,CRIM SEXUAL ASSAULT,2013,60630
1513,087XX S WABASH AVE,HY370643,2013-08-05 00:00:00,-87.622575326,CRIM SEXUAL ASSAULT,2013,60619
1520,023XX W HARRISON ST,HY379348,2013-04-19 09:00:00,-87.684181646,THEFT,2013,60612
1528,026XX W 15TH PL,HY388263,2013-12-24 15:00:00,-87.69160002,CRIM SEXUAL ASSAULT,2013,60608
1541,040XX S FEDERAL ST,HY406336,2013-01-01 17:00:00,-87.628501189,CRIM SEXUAL ASSAULT,2013,60609
1542,040XX S FEDERAL ST,HY406675,2013-01-01 00:00:00,-87.628501189,CRIM SEXUAL ASSAULT,2013,60609
1543,013XX S SPAULDING AVE,HY342222,2013-02-10 00:00:00,-87.708028901,CRIM SEXUAL ASSAULT,2013,60623
1564,062XX S NEENAH AVE,HY434362,2013-12-18 00:00:00,-87.784977934,CRIM SEXUAL ASSAULT,2013,60638
1568,041XX W WEST END AVE,HY437649,2013-06-01 00:00:00,-87.728987402,CRIM SEXUAL ASSAULT,2013,60624
1569,041XX W WEST END AVE,HY437652,2013-06-01 00:00:00,-87.728987402,CRIM SEXUAL ASSAULT,2013,60624
1578,0000X E LAKE ST,HY450556,2013-10-08 21:00:00,-87.626996239,THEFT,2013,60601
1580,005XX S STATE ST,HY453297,2013-02-16 17:00:00,-87.6276188,CRIM SEXUAL ASSAULT,2013,60605
1582,037XX N CLARK ST,HY456266,2013-10-19 04:00:00,-87.658635101,BATTERY,2013,60613
1584,062XX N KARLOV AVE,HY454523,2013-01-01 00:01:00,-87.731316414,CRIM SEXUAL ASSAULT,2013,60646
1586,068XX W DIVERSEY AVE,HY459405,2013-07-04 23:00:00,-87.797103496,CRIM SEXUAL ASSAULT,2013,60634
1588,008XX W SUNNYSIDE AVE,HY460360,2013-11-11 07:00:00,-87.651054693,BATTERY,2013,60640
1596,035XX W 71ST ST,HY469155,2013-10-20 12:00:00,-87.710700899,THEFT,2013,60629
1597,079XX S CLYDE AVE,HY467935,2013-05-01 00:01:00,-87.573528956,THEFT,2013,60617
1598,030XX W FULLERTON AVE,HY469817,2013-07-19 13:00:00,-87.703017301,BURGLARY,2013,60647
1603,014XX S JEFFERSON ST,HY246648,2013-01-09 12:00:00,-87.642053002,THEFT,2013,60607
1612,0000X N ADA ST,HY486439,2013-08-01 17:00:00,-87.660575205,THEFT,2013,60607
1613,005XX N LAWNDALE AVE,HY487695,2013-04-13 00:01:00,-87.718610576,THEFT,2013,60624
1630,029XX W FLETCHER ST,HY503433,2013-06-01 12:00:00,-87.701945154,BATTERY,2013,60618
1633,003XX W ADAMS ST,HY505985,2013-07-01 09:00:00,-87.635879544,THEFT,2013,60606
1648,079XX S ARTESIAN AVE,HY533160,2013-05-07 15:00:00,-87.684054816,CRIM SEXUAL ASSAULT,2013,60652
1661,010XX N STATE ST,HY546814,2013-07-01 16:00:00,-87.628330712,THEFT,2013,60611
1666,023XX N KOSTNER AVE,HZ155809,2013-03-20 00:00:00,-87.736515606,CRIM SEXUAL ASSAULT,2013,60639
1668,019XX E 75TH ST,HZ517281,2013-11-07 08:00:00,-87.576838856,THEFT,2013,60649
1670,061XX S SPAULDING AVE,JA450719,2013-09-27 00:00:00,-87.705626793,CRIM SEXUAL ASSAULT,2013,60629
1674,007XX N NOBLE ST,HW100288,2013-01-01 03:45:00,-87.662361421,HOMICIDE,2013,60642
1675,045XX S CHAMPLAIN AVE,HW100867,2013-01-01 14:45:00,-87.609891755,HOMICIDE,2013,60653
1676,058XX S SACRAMENTO AVE,HW101015,2013-01-01 16:56:00,-87.698507299,HOMICIDE,2013,60629
1677,124XX S UNION AVE,HW101960,2013-01-02 15:15:00,-87.639183666,HOMICIDE,2013,60628
1678,056XX S WESTERN AVE,HW102156,2013-01-02 18:45:00,-87.683965265,HOMICIDE,2013,60629
1679,015XX N TALMAN AVE,HW105394,2013-01-05 08:06:00,-87.693291067,HOMICIDE,2013,60622
1680,055XX S LOOMIS BLVD,HW105881,2013-01-05 15:52:00,-87.659704705,HOMICIDE,2013,60636
1681,087XX S HONORE ST,HW100786,2013-01-05 20:33:00,-87.669115954,HOMICIDE,2013,60620
1682,083XX S KINGSTON AVE,HW106139,2013-01-05 19:26:00,-87.562463183,HOMICIDE,2013,60617
1683,048XX W GLADYS AVE,HW106184,2013-01-06 11:15:00,-87.745294518,HOMICIDE,2013,60644
1684,084XX S DR MARTIN LUTHER KING JR DR,HW107214,2013-01-06 20:00:00,-87.614651636,HOMICIDE,2013,60619
1685,040XX W WILCOX ST,HW108847,2013-01-08 06:35:00,-87.726521499,HOMICIDE,2013,60624
1686,013XX N SEDGWICK ST,HW109671,2013-01-08 19:05:00,-87.638460098,HOMICIDE,2013,60610
1687,001XX S SPRINGFIELD AVE,HW111381,2013-01-10 01:06:00,-87.723179151,HOMICIDE,2013,60624
1688,020XX E 71ST ST,HW112372,2013-01-10 22:15:00,-87.574770965,HOMICIDE,2013,60649
1689,063XX S HONORE ST,HW112637,2013-01-10 21:19:00,-87.670276573,HOMICIDE,2013,60636
1690,004XX S PULASKI RD,HW112875,2013-01-11 07:12:00,-87.725478099,HOMICIDE,2013,60624
1691,026XX S RIDGEWAY AVE,HW113783,2013-01-11 18:41:00,-87.718432537,HOMICIDE,2013,60623
1692,024XX W AUGUSTA BLVD,HW114144,2013-01-11 23:50:00,-87.6881041,HOMICIDE,2013,60622
1693,013XX S HARDING AVE,HW115382,2013-01-13 02:49:00,-87.723881057,HOMICIDE,2013,60623
1694,052XX W JACKSON BLVD,HW116450,2013-01-14 05:03:00,-87.755587101,HOMICIDE,2013,60644
1695,013XX S CHRISTIANA AVE,HW117848,2013-01-15 13:42:00,-87.709250452,HOMICIDE,2013,60623
1696,029XX W 40TH ST,HW100449,2013-01-09 09:15:00,-87.698313499,HOMICIDE,2013,60632
1697,048XX N KENNETH AVE,HW120241,2013-01-17 05:58:00,-87.739207483,HOMICIDE,2013,60630
1698,047XX W BELMONT AVE,HW121212,2013-01-17 17:57:00,-87.746116798,HOMICIDE,2013,60641
1699,055XX W NORTH AVE,HW122808,2013-01-18 21:15:00,-87.76310227,HOMICIDE,2013,60651
1700,054XX S LAFLIN ST,HW122833,2013-01-18 21:31:00,-87.66219065,HOMICIDE,2013,60609
1701,020XX W 69TH PL,HW124411,2013-01-20 02:12:00,-87.674756939,HOMICIDE,2013,60636
1702,010XX N AVERS AVE,HW128614,2013-01-23 22:07:00,-87.722550972,HOMICIDE,2013,60651
1703,058XX S SHIELDS AVE,HW131095,2013-01-25 14:59:00,-87.634036893,HOMICIDE,2013,60621
1704,011XX S MOZART ST,HW131870,2013-01-26 02:17:00,-87.697159411,HOMICIDE,2013,60612
1705,005XX W PERSHING RD,HW131920,2013-01-26 04:00:00,-87.640360088,HOMICIDE,2013,60609
1706,005XX W PERSHING RD,HW131920,2013-01-26 04:00:00,-87.640360088,HOMICIDE,2013,60609
1707,042XX W CONGRESS PKWY,HW132598,2013-01-26 16:15:00,-87.731683239,HOMICIDE,2013,60624
1708,042XX W CONGRESS PKWY,HW132598,2013-01-26 16:15:00,-87.731683239,HOMICIDE,2013,60624
1709,070XX S CARPENTER ST,HW132962,2013-01-26 22:21:00,-87.650501419,HOMICIDE,2013,60621
1710,025XX E 73RD PL,HW133061,2013-01-26 23:55:00,-87.562227664,HOMICIDE,2013,60649
1711,109XX S MACKINAW AVE,HW135767,2013-01-29 07:55:00,-87.542565805,HOMICIDE,2013,60617
1712,074XX S CHAMPLAIN AVE,HW136079,2013-01-29 12:15:00,-87.609070793,HOMICIDE,2013,60619
1713,044XX S OAKENWALD AVE,HW136256,2013-01-29 14:22:00,-87.595428829,HOMICIDE,2013,60653
1714,039XX N CENTRAL AVE,HW140811,2013-02-01 20:23:00,-87.766982153,HOMICIDE,2013,60634
1715,041XX W 30TH ST,HW142848,2013-02-04 13:45:00,-87.728369128,HOMICIDE,2013,60623
1716,023XX W 50TH PL,HW147939,2013-02-07 16:56:00,-87.682747359,HOMICIDE,2013,60609
1717,009XX W 69TH ST,HW148417,2013-02-08 05:35:00,-87.648695394,HOMICIDE,2013,60621
1718,050XX W OHIO ST,HW153267,2013-02-12 02:40:00,-87.752263308,HOMICIDE,2013,60644
1719,011XX N PULASKI RD,HW158173,2013-02-15 20:16:00,-87.726266872,HOMICIDE,2013,60651
1720,024XX W CERMAK RD,HW159263,2013-02-16 18:29:00,-87.686219922,HOMICIDE,2013,60608
1721,091XX S ADA ST,HW161400,2013-02-18 17:15:00,-87.656762001,HOMICIDE,2013,60620
1722,081XX S MARYLAND AVE,HW163948,2013-02-20 17:35:00,-87.603851467,HOMICIDE,2013,60619
1723,081XX S MARYLAND AVE,HW163948,2013-02-20 17:35:00,-87.603851467,HOMICIDE,2013,60619
1724,066XX S ASHLAND AVE,HW165704,2013-02-22 01:00:00,-87.66405432,HOMICIDE,2013,60636
1725,048XX W FERDINAND ST,HW167787,2013-02-23 18:18:00,-87.746704217,HOMICIDE,2013,60644
1726,001XX S CICERO AVE,HW168342,2013-02-24 07:35:00,-87.745225096,HOMICIDE,2013,60644
1727,077XX S PULASKI RD,HW174518,2013-03-01 22:17:00,-87.722011284,HOMICIDE,2013,60652
1728,004XX E 95TH ST,HW176064,2013-03-02 04:00:00,-87.612404805,HOMICIDE,2013,60619
1729,013XX N ST LOUIS AVE,HW181865,2013-03-06 21:15:00,-87.714220057,HOMICIDE,2013,60651
1730,019XX E 79TH ST,HW184145,2013-03-08 16:34:00,-87.576792325,HOMICIDE,2013,60617
1731,065XX S MARYLAND AVE,HW187672,2013-03-12 06:00:00,-87.604611201,HOMICIDE,2013,60637
1732,003XX E 43RD ST,HW194557,2013-03-16 12:13:00,-87.619113763,HOMICIDE,2013,60653
1733,024XX W 58TH ST,HW195075,2013-03-16 20:23:00,-87.685467199,HOMICIDE,2013,60629
1734,028XX S SPAULDING AVE,HW196147,2013-03-18 11:40:00,-87.707352501,HOMICIDE,2013,60623
1735,048XX N DRAKE AVE,HW197695,2013-03-18 20:24:00,-87.717053461,HOMICIDE,2013,60625
1736,000XX W 91ST ST,HW192261,2013-03-18 19:03:00,-87.625125567,HOMICIDE,2013,60620
1737,078XX S MUSKEGON AVE,HW203585,2013-03-23 12:09:00,-87.555529125,HOMICIDE,2013,60649
1738,114XX S ROCKWELL ST,HW204628,2013-03-24 03:50:00,-87.686040124,HOMICIDE,2013,60655
1739,077XX S CARPENTER ST,HW210026,2013-03-28 15:34:00,-87.650181219,HOMICIDE,2013,60620
1740,018XX N FRANCISCO AVE,HW211707,2013-03-29 20:08:00,-87.699213111,HOMICIDE,2013,60647
1741,013XX W HASTINGS ST,HW213305,2013-03-31 02:36:00,-87.659660218,HOMICIDE,2013,60608
1742,074XX S EBERHART AVE,HW214698,2013-04-01 10:57:00,-87.612699454,HOMICIDE,2013,60619
1743,001XX W 59TH ST,HW218231,2013-04-03 19:52:00,-87.629431152,HOMICIDE,2013,60621
1744,014XX W 80TH ST,HW219139,2013-04-04 16:14:00,-87.660163933,HOMICIDE,2013,60620
1745,080XX S MANISTEE AVE,HW219486,2013-04-04 19:04:00,-87.557702918,HOMICIDE,2013,60617
1746,022XX S LEAVITT ST,HW223321,2013-04-07 16:56:00,-87.680707093,HOMICIDE,2013,60608
1747,040XX S WABASH AVE,HW223608,2013-04-07 21:28:00,-87.624776739,HOMICIDE,2013,60653
1748,074XX S DORCHESTER AVE,HW223960,2013-04-08 09:29:00,-87.59082933,HOMICIDE,2013,60619
1749,120XX S NORMAL AVE,HW227786,2013-04-10 21:03:00,-87.634610841,HOMICIDE,2013,60628
1750,087XX S BURLEY AVE,HW230759,2013-04-12 23:12:00,-87.545825944,HOMICIDE,2013,60617
1751,042XX W IRVING PARK RD,HW230943,2013-04-13 09:05:00,-87.73284591,HOMICIDE,2013,60641
1752,033XX W BEACH AVE,HW230945,2013-04-13 03:12:00,-87.710414753,HOMICIDE,2013,60651
1753,012XX W 97TH ST,HW231363,2013-04-13 13:35:00,-87.654042694,HOMICIDE,2013,60643
1754,067XX S KEDZIE AVE,HW229606,2013-04-12 08:30:00,-87.702945412,HOMICIDE,2013,60629
1755,025XX W FITCH AVE,HW229411,2013-04-15 13:36:00,-87.693891803,HOMICIDE,2013,60645
1756,011XX N MENARD AVE,HW239763,2013-04-19 20:26:00,-87.770463805,HOMICIDE,2013,60651
1757,033XX W IRVING PARK RD,HW239986,2013-04-20 00:10:00,-87.71216765,HOMICIDE,2013,60618
1758,017XX W 44TH ST,HW242469,2013-04-22 05:41:00,-87.668316029,HOMICIDE,2013,60609
1759,050XX S EVANS AVE,HW243737,2013-04-22 21:41:00,-87.607907557,HOMICIDE,2013,60615
1760,118XX S HARVARD AVE,HW246147,2013-04-24 18:55:00,-87.631096132,HOMICIDE,2013,60628
1761,006XX W 117TH ST,HW248197,2013-04-26 09:29:00,-87.638887613,HOMICIDE,2013,60628
1762,001XX W 91ST ST,HW241765,2013-04-25 16:30:00,-87.627045546,HOMICIDE,2013,60620
1763,025XX W DIVISION ST,HW251024,2013-04-28 06:35:00,-87.689885947,HOMICIDE,2013,60622
1764,052XX S HARPER AVE,HW253509,2013-04-30 00:16:00,-87.589121997,HOMICIDE,2013,60615
1765,013XX S MORGAN ST,HW254848,2013-04-30 23:13:00,-87.650966,HOMICIDE,2013,60608
1766,019XX S DRAKE AVE,HW254987,2013-05-01 01:26:00,-87.713697274,HOMICIDE,2013,60623
1767,068XX S CORNELL AVE,HW254937,2013-05-01 00:53:00,-87.585004532,HOMICIDE,2013,60649
1768,005XX E 82ND ST,HW205270,2013-04-30 04:42:00,-87.611919162,HOMICIDE,2013,60619
1769,003XX E KENSINGTON AVE,HW257760,2013-05-02 20:30:00,-87.61519349,HOMICIDE,2013,60628
1770,072XX S ASHLAND AVE,HW260281,2013-05-04 16:47:00,-87.663723461,HOMICIDE,2013,60636
1771,050XX W BELDEN AVE,HW263380,2013-05-06 22:11:00,-87.751875394,HOMICIDE,2013,60639
1772,071XX S MAY ST,HS344684,2013-05-07 11:36:00,-87.652880492,HOMICIDE,2013,60621
1773,047XX S PRAIRIE AVE,HW264918,2013-05-07 23:49:00,-87.619567769,HOMICIDE,2013,60615
1774,102XX S GREEN ST,HW266217,2013-05-08 20:29:00,-87.644068718,HOMICIDE,2013,60643
1775,028XX E 76TH ST,HW270769,2013-05-12 03:55:00,-87.554994786,HOMICIDE,2013,60649
1776,078XX S EUCLID AVE,HW270870,2013-05-12 07:40:00,-87.577230849,HOMICIDE,2013,60649
1777,065XX S GREEN ST,HW271299,2013-05-12 15:57:00,-87.645885129,HOMICIDE,2013,60621
1778,017XX W 79TH ST,HW271455,2013-05-13 16:15:00,-87.666166809,HOMICIDE,2013,60620
1779,004XX E 79TH ST,HW272861,2013-05-13 19:02:00,-87.613338558,HOMICIDE,2013,60619
1780,002XX W 93RD ST,HW273156,2013-05-14 01:00:00,-87.629337885,HOMICIDE,2013,60620
1781,077XX S DAMEN AVE,HW274710,2013-05-14 23:15:00,-87.673215596,HOMICIDE,2013,60620
1782,063XX S MAY ST,HW274830,2013-05-15 01:29:00,-87.653264678,HOMICIDE,2013,60621
1783,086XX S ASHLAND AVE,HW277740,2013-05-16 21:35:00,-87.663097547,HOMICIDE,2013,60620
1784,077XX S LANGLEY AVE,HW279126,2013-05-17 20:00:00,-87.607735643,HOMICIDE,2013,60619
1785,002XX N MAYFIELD AVE,HW279192,2013-05-17 20:38:00,-87.771937787,HOMICIDE,2013,60644
1786,048XX W IOWA ST,HW279597,2013-05-18 04:15:00,-87.746707507,HOMICIDE,2013,60651
1787,068XX S LOWE AVE,HW280661,2013-05-19 01:46:00,-87.640240794,HOMICIDE,2013,60621
1788,003XX S CICERO AVE,HW280946,2013-05-19 08:05:00,-87.745118678,HOMICIDE,2013,60644
1789,031XX N KIMBALL AVE,HW282138,2013-05-19 22:55:00,-87.712448951,HOMICIDE,2013,60618
1790,031XX S RHODES AVE,HW283616,2013-05-20 23:41:00,-87.613468578,HOMICIDE,2013,60616
1791,043XX S PAULINA ST,HW284829,2013-05-21 17:35:00,-87.667573802,HOMICIDE,2013,60609
1792,049XX N WHIPPLE ST,HW282261,2013-05-22 13:01:00,-87.704875903,HOMICIDE,2013,60625
1793,071XX S OAKLEY AVE,HW286248,2013-05-22 15:21:00,-87.680678169,HOMICIDE,2013,60636
1794,071XX S OAKLEY AVE,HW286248,2013-05-22 15:21:00,-87.680678169,HOMICIDE,2013,60636
1795,019XX S SPAULDING AVE,HW287201,2013-05-23 10:01:00,-87.707776218,HOMICIDE,2013,60623
1796,004XX N CENTRAL AVE,HW289762,2013-05-24 22:59:00,-87.765140918,HOMICIDE,2013,60644
1797,011XX N LAWNDALE AVE,HW289806,2013-05-24 23:46:00,-87.718958959,HOMICIDE,2013,60651
1798,014XX E 52ND ST,HW289910,2013-05-25 01:48:00,-87.590034549,HOMICIDE,2013,60615
1799,073XX S DANTE AVE,HW290928,2013-05-25 21:21:00,-87.589659211,HOMICIDE,2013,60619
1800,012XX S KOLIN AVE,HW279403,2013-05-25 12:10:00,-87.733718513,HOMICIDE,2013,60623
1801,010XX N NORTH BRANCH ST,HW291146,2013-05-26 02:50:00,-87.650600669,HOMICIDE,2013,60642
1802,116XX S VINCENNES AVE,HW294080,2013-05-28 15:07:00,-87.668957971,HOMICIDE,2013,60643
1803,121XX S HALSTED ST,HW295351,2013-05-29 13:08:00,-87.641768497,HOMICIDE,2013,60628
1804,000XX W 107TH ST,HW295447,2013-05-29 15:11:00,-87.624977038,HOMICIDE,2013,60628
1805,010XX W 75TH ST,HW295883,2013-05-29 20:07:00,-87.65059137,HOMICIDE,2013,60620
1806,017XX E 79TH ST,HW296241,2013-05-30 01:43:00,-87.582334217,HOMICIDE,2013,60649
1807,070XX S NORMAL BLVD,HW295908,2013-05-30 06:37:00,-87.637180391,HOMICIDE,2013,60621
1808,052XX N LINCOLN AVE,HW296686,2013-05-30 10:30:00,-87.692447486,HOMICIDE,2013,60625
1809,017XX W 85TH ST,HW296830,2013-05-30 13:15:00,-87.666107752,HOMICIDE,2013,60620
1810,084XX S CONSTANCE AVE,HW299134,2013-05-31 23:53:00,-87.579449121,HOMICIDE,2013,60617
1811,068XX S DR MARTIN LUTHER KING JR DR,HW302389,2013-06-03 12:38:00,-87.615374061,HOMICIDE,2013,60637
1812,043XX S OAKLEY AVE,HW304016,2013-06-04 13:35:00,-87.682163166,HOMICIDE,2013,60609
1813,004XX W 115TH ST,HW305567,2013-06-05 18:09:00,-87.632781893,HOMICIDE,2013,60628
1814,051XX S WASHTENAW AVE,HW305954,2013-06-05 18:27:00,-87.691546042,HOMICIDE,2013,60632
1815,063XX S FRANCISCO AVE,HW307735,2013-06-06 22:36:00,-87.695805967,HOMICIDE,2013,60629
1816,034XX W LAKE ST,HW309299,2013-06-08 00:25:00,-87.712103707,HOMICIDE,2013,60624
1817,011XX E 81ST ST,HW312196,2013-06-10 09:52:00,-87.596820484,HOMICIDE,2013,60619
1818,057XX S SANGAMON ST,HW312816,2013-06-10 16:54:00,-87.648691077,HOMICIDE,2013,60621
1819,006XX S SACRAMENTO BLVD,HW196136,2013-06-11 02:05:00,-87.701005851,HOMICIDE,2013,60612
1820,009XX N LONG AVE,HW314687,2013-06-11 21:58:00,-87.760740384,HOMICIDE,2013,60651
1821,020XX W 70TH PL,HW314876,2013-06-12 02:19:00,-87.674485899,HOMICIDE,2013,60636
1822,033XX W 60TH ST,HW314850,2013-06-12 03:00:00,-87.707045163,HOMICIDE,2013,60629
1823,052XX W QUINCY ST,HW311539,2013-06-12 07:22:00,-87.756449257,HOMICIDE,2013,60644
1824,047XX S TALMAN AVE,HW315175,2013-06-12 10:58:00,-87.690530276,HOMICIDE,2013,60632
1825,064XX S NORMAL BLVD,HW316215,2013-06-13 02:37:00,-87.637450077,HOMICIDE,2013,60621
1826,055XX W QUINCY ST,HW319182,2013-06-14 23:00:00,-87.762607847,HOMICIDE,2013,60644
1827,025XX S RIDGEWAY AVE,HW320604,2013-06-15 22:50:00,-87.718481306,HOMICIDE,2013,60623
1828,041XX W NORTH AVE,HW320636,2013-06-16 01:37:00,-87.730813206,HOMICIDE,2013,60651
1829,009XX E 79TH ST,HW320659,2013-06-16 00:42:00,-87.601048653,HOMICIDE,2013,60619
1830,074XX S PARNELL AVE,HW320715,2013-06-16 02:18:00,-87.638463019,HOMICIDE,2013,60621
1831,002XX S KEELER AVE,HW320735,2013-06-16 01:58:00,-87.730469347,HOMICIDE,2013,60624
1832,091XX S GREENWOOD AVE,HW321783,2013-06-16 20:56:00,-87.59736201,HOMICIDE,2013,60619
1833,011XX N CAMPBELL AVE,HW322038,2013-06-17 13:15:00,-87.689449776,HOMICIDE,2013,60622
1834,031XX S PULASKI RD,HW320694,2013-06-17 10:08:00,-87.72433908,HOMICIDE,2013,60623
1835,044XX W ADAMS ST,HW328889,2013-06-21 13:32:00,-87.736441693,HOMICIDE,2013,60624
1836,003XX E NORTH WATER ST,HW329166,2013-06-21 14:39:00,-87.620196651,HOMICIDE,2013,60611
1837,029XX N KILPATRICK AVE,HW329449,2013-06-21 19:48:00,-87.744232931,HOMICIDE,2013,60641
1838,028XX N SPAULDING AVE,HW329474,2013-06-21 20:44:00,-87.709883798,HOMICIDE,2013,60618
1839,099XX S WALDEN PKWY,HW275433,2013-06-20 06:20:00,-87.667676345,HOMICIDE,2013,60643
1840,086XX S KINGSTON AVE,HW330560,2013-06-22 16:32:00,-87.562380927,HOMICIDE,2013,60617
1841,015XX E 76TH PL,HW332302,2013-06-23 22:06:00,-87.587083083,HOMICIDE,2013,60619
1842,033XX S BELL AVE,HW332417,2013-06-23 23:59:00,-87.681461048,HOMICIDE,2013,60608
1843,065XX W ADDISON ST,HW333884,2013-06-24 12:30:00,-87.790510641,HOMICIDE,2013,60634
1844,073XX S DR MARTIN LUTHER KING JR DR,HW334016,2013-06-25 06:05:00,-87.615197285,HOMICIDE,2013,60619
1845,075XX S YATES BLVD,HW335922,2013-06-26 12:22:00,-87.566361635,HOMICIDE,2013,60649
1846,075XX S UNION AVE,HW336816,2013-06-26 21:49:00,-87.641772372,HOMICIDE,2013,60620
1847,075XX S MERRILL AVE,HW335531,2013-06-27 04:27:00,-87.572473045,HOMICIDE,2013,60649
1848,036XX W 64TH ST,HW338396,2013-06-27 23:07:00,-87.71371998,HOMICIDE,2013,60629
1849,010XX W GARFIELD BLVD,HW338354,2013-06-28 04:06:00,-87.651629776,HOMICIDE,2013,60609
1850,053XX S WINCHESTER AVE,HW338584,2013-06-28 02:35:00,-87.673169423,HOMICIDE,2013,60609
1851,053XX S WINCHESTER AVE,HW338584,2013-06-28 02:35:00,-87.673169423,HOMICIDE,2013,60609
1852,001XX W 116TH ST,HW340172,2013-06-29 03:59:00,-87.625998326,HOMICIDE,2013,60628
1853,024XX E 75TH ST,HW342105,2013-06-30 15:56:00,-87.565856546,HOMICIDE,2013,60649
1854,104XX S GREEN ST,HW343994,2013-07-01 20:30:00,-87.643964069,HOMICIDE,2013,60643
1855,008XX W 99TH ST,HW344421,2013-07-02 05:55:00,-87.643707626,HOMICIDE,2013,60643
1856,013XX N LAMON AVE,HW345588,2013-07-02 22:14:00,-87.748467543,HOMICIDE,2013,60651
1857,050XX W NORTH AVE,HW345748,2013-07-03 01:02:00,-87.752406675,HOMICIDE,2013,60651
1858,087XX S LOOMIS ST,HW346348,2013-07-03 13:16:00,-87.658177709,HOMICIDE,2013,60620
1859,024XX E 79TH ST,HW346859,2013-07-03 18:51:00,-87.564715123,HOMICIDE,2013,60649
1860,066XX S CHAMPLAIN AVE,HW346938,2013-07-03 19:24:00,-87.609435992,HOMICIDE,2013,60637
1861,073XX S WABASH AVE,HW347684,2013-07-04 12:19:00,-87.623204276,HOMICIDE,2013,60619
1862,006XX S FRANCISCO AVE,HW347770,2013-07-04 13:32:00,-87.69854618,HOMICIDE,2013,60612
1863,062XX S MARSHFIELD AVE,HW348220,2013-07-04 21:38:00,-87.665456809,HOMICIDE,2013,60636
1864,074XX N PAULINA ST,HW348705,2013-07-05 06:23:00,-87.672496668,HOMICIDE,2013,60626
1865,056XX S WESTERN AVE,HW347672,2013-07-05 14:47:00,-87.683994549,HOMICIDE,2013,60636
1866,108XX S CALUMET AVE,HW348957,2013-07-05 10:09:00,-87.614720034,HOMICIDE,2013,60628
1867,010XX W MAXWELL ST,HW350172,2013-07-06 07:31:00,-87.652313476,HOMICIDE,2013,60608
1868,028XX W FLOURNOY ST,HW350944,2013-07-06 17:50:00,-87.697388322,HOMICIDE,2013,60612
1869,047XX S ASHLAND AVE,HW352063,2013-07-07 15:30:00,-87.664954048,HOMICIDE,2013,60609
1870,039XX W CONGRESS PKWY,HW353414,2013-07-08 15:30:00,-87.724236027,HOMICIDE,2013,60624
1871,006XX N LAWNDALE AVE,HW353608,2013-07-08 17:54:00,-87.718662542,HOMICIDE,2013,60624
1872,016XX S DRAKE AVE,HW353625,2013-07-08 17:44:00,-87.713973243,HOMICIDE,2013,60623
1873,087XX S THROOP ST,HW355935,2013-07-10 09:28:00,-87.65575513,HOMICIDE,2013,60620
1874,063XX S KEDZIE AVE,HW357820,2013-07-11 14:51:00,-87.703122242,HOMICIDE,2013,60629
1875,007XX N CENTRAL AVE,HW358706,2013-07-12 05:12:00,-87.765341632,HOMICIDE,2013,60644
1876,068XX S PAXTON AVE,HW359968,2013-07-12 22:31:00,-87.571544262,HOMICIDE,2013,60649
1877,037XX W LE MOYNE ST,HW360141,2013-07-13 03:36:00,-87.720799905,HOMICIDE,2013,60651
1878,052XX W ADAMS ST,HW359018,2013-07-12 11:06:00,-87.756162028,HOMICIDE,2013,60644
1879,105XX S OGLESBY AVE,HW362205,2013-07-14 15:39:00,-87.565729315,HOMICIDE,2013,60617
1880,016XX W HOWARD ST,HW362272,2013-07-14 16:10:00,-87.671181992,HOMICIDE,2013,60626
1881,040XX W CULLERTON ST,HW362757,2013-07-14 23:48:00,-87.725713985,HOMICIDE,2013,60623
1882,013XX S AVERS AVE,HW368037,2013-07-18 15:49:00,-87.721444549,HOMICIDE,2013,60623
1883,002XX E 15TH PL,HW368936,2013-07-19 00:01:00,-87.621759581,HOMICIDE,2013,60605
1884,057XX S CARPENTER ST,HW365697,2013-07-19 13:50:00,-87.651113603,HOMICIDE,2013,60621
1885,038XX W HIRSCH ST,HW370238,2013-07-19 21:43:00,-87.723278665,HOMICIDE,2013,60651
1886,081XX S VINCENNES AVE,HW370089,2013-07-19 21:10:00,-87.635291321,HOMICIDE,2013,60620
1887,085XX S SAGINAW AVE,HW371756,2013-07-20 23:54:00,-87.559980911,HOMICIDE,2013,60617
1888,071XX S ASHLAND AVE,HW371795,2013-07-21 01:42:00,-87.663785792,HOMICIDE,2013,60636
1889,006XX E 131ST ST,HW371924,2013-07-21 03:00:00,-87.605865452,HOMICIDE,2013,60827
1890,057XX S CENTRAL PARK AVE,HW371983,2013-07-21 03:30:00,-87.712874616,HOMICIDE,2013,60629
1891,008XX N CAMBRIDGE AVE,HW372010,2013-07-21 05:30:00,-87.641792706,HOMICIDE,2013,60610
1892,080XX S CHAPPEL AVE,HW376089,2013-07-23 20:24:00,-87.574723198,HOMICIDE,2013,60617
1893,116XX S LAFLIN ST,HW376176,2013-07-23 20:20:00,-87.659100517,HOMICIDE,2013,60643
1894,056XX W WASHINGTON BLVD,HW376253,2013-07-24 03:09:00,-87.76708982,HOMICIDE,2013,60644
1895,076XX S GREENWOOD AVE,HW383387,2013-07-28 22:05:00,-87.597924829,HOMICIDE,2013,60619
1896,078XX S OGLESBY AVE,HW383740,2013-07-29 09:19:00,-87.567463994,HOMICIDE,2013,60649
1897,020XX W GARFIELD BLVD,HW383957,2013-07-29 12:40:00,-87.675073619,HOMICIDE,2013,60609
1898,018XX W GARFIELD BLVD,HW384844,2013-07-29 20:50:00,-87.669873105,HOMICIDE,2013,60609
1899,117XX S NORMAL AVE,HW384855,2013-07-30 06:12:00,-87.63476479,HOMICIDE,2013,60628
1900,018XX W 44TH ST,HW348324,2013-07-21 08:46:00,-87.671504085,HOMICIDE,2013,60609
1901,032XX W ROOSEVELT RD,HW379355,2013-08-01 09:36:00,-87.706190128,HOMICIDE,2013,60624
1902,073XX N SEELEY AVE,HW388545,2013-08-01 15:10:00,-87.681666253,HOMICIDE,2013,60645
1903,078XX S NORMAL AVE,HW389947,2013-08-02 13:10:00,-87.636747512,HOMICIDE,2013,60620
1904,036XX S MICHIGAN AVE,HW390896,2013-08-03 01:25:00,-87.623211774,HOMICIDE,2013,60653
1905,080XX S NORMAL AVE,HW393526,2013-08-04 21:40:00,-87.636659935,HOMICIDE,2013,60620
1906,066XX S CLAREMONT AVE,HW394643,2013-08-05 16:22:00,-87.682116947,HOMICIDE,2013,60636
1907,001XX E 120TH ST,HW395269,2013-08-06 04:07:00,-87.619536603,HOMICIDE,2013,60628
1908,001XX E 120TH ST,HW395269,2013-08-06 04:07:00,-87.619536603,HOMICIDE,2013,60628
1909,058XX S SANGAMON ST,HW396733,2013-08-07 02:12:00,-87.648651728,HOMICIDE,2013,60621
1910,033XX W DOUGLAS BLVD,HW396716,2013-08-07 00:51:00,-87.709564878,HOMICIDE,2013,60623
1911,068XX S ST LAWRENCE AVE,HW400791,2013-08-09 23:52:00,-87.610552944,HOMICIDE,2013,60637
1912,024XX E 79TH ST,HW401231,2013-08-10 04:02:00,-87.565668145,HOMICIDE,2013,60649
1913,029XX S STATE ST,HW402132,2013-08-10 18:17:00,-87.626852618,HOMICIDE,2013,60616
1914,010XX N ST LOUIS AVE,HW402401,2013-08-10 22:49:00,-87.71401271,HOMICIDE,2013,60651
1915,028XX S KILDARE AVE,HW405390,2013-08-13 00:15:00,-87.731729746,HOMICIDE,2013,60623
1916,028XX S KILDARE AVE,HW405390,2013-08-13 00:15:00,-87.731729746,HOMICIDE,2013,60623
1917,074XX S COLFAX AVE,HW405675,2013-08-13 10:20:00,-87.56204421,HOMICIDE,2013,60649
1918,051XX S KOSTNER AVE,HW390948,2013-08-05 02:01:00,-87.733141917,HOMICIDE,2013,60632
1919,000XX E 120TH PL,HW409459,2013-08-15 21:05:00,-87.621750607,HOMICIDE,2013,60628
1920,090XX S JUSTINE ST,HW409645,2013-08-16 00:31:00,-87.661657878,HOMICIDE,2013,60620
1921,011XX W 111TH PL,HW410418,2013-08-16 15:40:00,-87.650926728,HOMICIDE,2013,60643
1922,056XX S RACINE AVE,HW410923,2013-08-16 21:55:00,-87.654815667,HOMICIDE,2013,60621
1923,018XX N PULASKI RD,HW411008,2013-08-17 02:44:00,-87.726469659,HOMICIDE,2013,60639
1924,000XX S PARKSIDE AVE,HW412358,2013-08-17 23:40:00,-87.76647843,HOMICIDE,2013,60644
1925,008XX S LAWNDALE AVE,HW412371,2013-08-18 03:14:00,-87.717994923,HOMICIDE,2013,60624
1926,002XX W 94TH ST,HW412486,2013-08-18 05:36:00,-87.630346746,HOMICIDE,2013,60620
1927,001XX S SPRINGFIELD AVE,HW412594,2013-08-18 05:21:00,-87.723179151,HOMICIDE,2013,60624
1928,013XX W 90TH ST,HW413572,2013-08-18 22:25:00,-87.655916941,HOMICIDE,2013,60620
1929,062XX S ASHLAND AVE,HW415332,2013-08-20 04:22:00,-87.664252074,HOMICIDE,2013,60636
1930,067XX S SANGAMON ST,HW418070,2013-08-21 22:34:00,-87.648221547,HOMICIDE,2013,60621
1931,012XX S LAWNDALE AVE,HW412363,2013-08-20 02:04:00,-87.71783042,HOMICIDE,2013,60623
1932,036XX S MARSHFIELD AVE,HW419697,2013-08-23 00:15:00,-87.666679673,HOMICIDE,2013,60609
1933,010XX W WILSON AVE,HW414783,2013-08-23 00:56:00,-87.655139299,HOMICIDE,2013,60640
1934,040XX W WILCOX ST,HW422513,2013-08-25 09:04:00,-87.726495797,HOMICIDE,2013,60624
1935,091XX S COMMERCIAL AVE,HW423250,2013-08-25 16:05:00,-87.551242708,HOMICIDE,2013,60617
1936,007XX W 61ST PL,HW424195,2013-08-26 10:10:00,-87.643199914,HOMICIDE,2013,60621
1937,062XX S STATE ST,HW425415,2013-08-27 01:28:00,-87.625357915,HOMICIDE,2013,60621
1938,033XX W HARRISON ST,HW424540,2013-08-27 05:00:00,-87.710081187,HOMICIDE,2013,60624
1939,039XX N LONG AVE,HW426343,2013-08-27 18:00:00,-87.762026878,HOMICIDE,2013,60641
1940,016XX W 59TH ST,HW426623,2013-08-27 22:22:00,-87.665947174,HOMICIDE,2013,60636
1941,039XX W DIVISION ST,HW426786,2013-08-28 01:04:00,-87.725421722,HOMICIDE,2013,60651
1942,082XX S AVALON AVE,HW428029,2013-08-28 21:05:00,-87.594126176,HOMICIDE,2013,60619
1943,011XX W 88TH ST,HW419212,2013-08-25 08:16:00,-87.652448861,HOMICIDE,2013,60620
1944,079XX S AVALON AVE,HW428848,2013-08-29 13:00:00,-87.594249991,HOMICIDE,2013,60619
1945,040XX S CALUMET AVE,HW429716,2013-08-30 01:38:00,-87.618487202,HOMICIDE,2013,60653
1946,071XX S RIDGELAND AVE,HW428564,2013-08-29 09:40:00,-87.582439315,HOMICIDE,2013,60649
1947,051XX S WINCHESTER AVE,HW430327,2013-08-30 13:42:00,-87.67326624,HOMICIDE,2013,60609
1948,056XX W BARRY AVE,HW431258,2013-08-31 02:00:00,-87.76706709,HOMICIDE,2013,60634
1949,038XX S HALSTED ST,HW431259,2013-08-31 02:44:00,-87.645967086,HOMICIDE,2013,60609
1950,117XX S HALE AVE,HW431623,2013-08-31 11:19:00,-87.672864196,HOMICIDE,2013,60643
1951,122XX S ABERDEEN ST,HW432731,2013-09-01 07:58:00,-87.649018991,HOMICIDE,2013,60643
1952,064XX S MORGAN ST,HW433733,2013-09-02 00:20:00,-87.649571585,HOMICIDE,2013,60621
1953,066XX S RHODES AVE,HW434411,2013-09-02 14:10:00,-87.611885314,HOMICIDE,2013,60637
1954,105XX S LA SALLE ST,HW434712,2013-09-02 19:22:00,-87.626958377,HOMICIDE,2013,60628
1955,057XX S PRINCETON AVE,HW434870,2013-09-02 20:30:00,-87.632884965,HOMICIDE,2013,60621
1956,044XX W WILCOX ST,HW434681,2013-09-02 17:06:00,-87.736650058,HOMICIDE,2013,60624
1957,011XX N ORLEANS ST,HW431781,2013-09-01 22:08:00,-87.637424624,HOMICIDE,2013,60610
1958,075XX S UNION AVE,HW437033,2013-09-04 12:01:00,-87.641770239,HOMICIDE,2013,60620
1959,051XX S CALUMET AVE,HW437812,2013-09-05 00:02:00,-87.617728819,HOMICIDE,2013,60615
1960,051XX S ELLSWORTH DR,HW441258,2013-09-07 07:05:00,-87.615528943,HOMICIDE,2013,60615
1961,055XX S MOZART ST,HW442524,2013-09-08 10:11:00,-87.695007897,HOMICIDE,2013,60629
1962,017XX W 21ST PL,HW442624,2013-09-08 06:44:00,-87.669184243,HOMICIDE,2013,60608
1963,083XX S BALTIMORE AVE,HW443950,2013-09-09 10:14:00,-87.554337354,HOMICIDE,2013,60617
1964,003XX E 134TH ST,HW445202,2013-09-10 00:58:00,-87.615331145,HOMICIDE,2013,60827
1965,060XX S KOLMAR AVE,HW445591,2013-09-10 18:04:00,-87.736333849,HOMICIDE,2013,60629
1966,014XX N DAMEN AVE,HW441007,2013-09-11 08:59:00,-87.677386363,HOMICIDE,2013,60622
1967,102XX S OGLESBY AVE,HW448072,2013-09-11 23:24:00,-87.565735011,HOMICIDE,2013,60617
1968,001XX W 104TH PL,HW448778,2013-09-12 14:59:00,-87.626417643,HOMICIDE,2013,60628
1969,031XX N BERNARD ST,HW104947,2013-01-04 19:30:00,-87.713670269,HOMICIDE,2013,60618
1970,011XX N PULASKI RD,HW448287,2013-09-12 07:09:00,-87.726264785,HOMICIDE,2013,60651
1971,015XX N MILWAUKEE AVE,HW451124,2013-09-14 02:21:00,-87.675956643,HOMICIDE,2013,60622
1972,080XX S WOODLAWN AVE,HW453580,2013-09-17 01:30:00,-87.595425023,HOMICIDE,2013,60619
1973,060XX S DR MARTIN LUTHER KING JR DR,HW455391,2013-09-17 09:15:00,-87.615738011,HOMICIDE,2013,60637
1974,077XX S SANGAMON ST,HW458801,2013-09-19 19:37:00,-87.647752622,HOMICIDE,2013,60620
1975,036XX W AUGUSTA BLVD,HW459159,2013-09-20 01:38:00,-87.718157129,HOMICIDE,2013,60651
1976,069XX S VERNON AVE,HW459749,2013-09-20 13:38:00,-87.614127918,HOMICIDE,2013,60637
1977,022XX E 71ST ST,HW460148,2013-09-20 18:59:00,-87.570050881,HOMICIDE,2013,60649
1978,066XX S HONORE ST,HW460198,2013-09-20 19:18:00,-87.670124972,HOMICIDE,2013,60636
1979,060XX S HALSTED ST,HW460503,2013-09-21 00:01:00,-87.64489038,HOMICIDE,2013,60621
1980,079XX S WOOD ST,HW459133,2013-09-20 04:18:00,-87.668277264,HOMICIDE,2013,60620
1981,012XX W WASHBURNE AVE,HW460666,2013-09-21 03:22:00,-87.657794171,HOMICIDE,2013,60608
1982,011XX N WALLER AVE,HW399534,2013-09-18 06:23:00,-87.768046548,HOMICIDE,2013,60651
1983,035XX S RHODES AVE,HW464234,2013-09-23 20:31:00,-87.614451899,HOMICIDE,2013,60653
1984,072XX S WENTWORTH AVE,HW462501,2013-09-25 20:49:00,-87.629715364,HOMICIDE,2013,60621
1985,070XX S STONY ISLAND AVE,HW468490,2013-09-26 20:33:00,-87.586349004,HOMICIDE,2013,60649
1986,011XX N MAYFIELD AVE,HW468901,2013-09-27 01:22:00,-87.772906961,HOMICIDE,2013,60651
1987,009XX W 70TH ST,HW471427,2013-09-29 02:05:00,-87.648582726,HOMICIDE,2013,60621
1988,065XX S KILPATRICK AVE,HW473050,2013-09-30 07:40:00,-87.73970941,HOMICIDE,2013,60629
1989,006XX E 62ND ST,HW473298,2013-09-30 10:38:00,-87.60927008,HOMICIDE,2013,60637
1990,060XX S HONORE ST,HW467909,2013-09-26 11:30:00,-87.670400636,HOMICIDE,2013,60636
1991,071XX S BENNETT AVE,HW471635,2013-10-01 16:45:00,-87.579354758,HOMICIDE,2013,60649
1992,012XX S KEDVALE AVE,HW460628,2013-09-29 01:22:00,-87.728809401,HOMICIDE,2013,60623
1993,004XX S CENTRAL AVE,HW479960,2013-10-04 19:57:00,-87.76464733,HOMICIDE,2013,60644
1994,083XX S SCOTTSDALE AVE,HW479293,2013-10-04 11:45:00,-87.734744814,HOMICIDE,2013,60652
1995,110XX S VERNON AVE,HW481455,2013-10-05 23:09:00,-87.612166821,HOMICIDE,2013,60628
1996,117XX S MORGAN ST,HW480972,2013-10-05 15:39:00,-87.646873411,HOMICIDE,2013,60643
1997,076XX S CARPENTER ST,HW481838,2013-10-06 07:35:00,-87.650229577,HOMICIDE,2013,60620
1998,073XX S DORCHESTER AVE,HW483484,2013-10-08 12:05:00,-87.590885285,HOMICIDE,2013,60619
1999,042XX N DAMEN AVE,HW484192,2013-10-08 06:41:00,-87.678899454,HOMICIDE,2013,60618
2000,006XX N SPRINGFIELD AVE,HW485498,2013-10-09 00:51:00,-87.72355909,HOMICIDE,2013,60624
2001,013XX W THORNDALE AVE,HW486012,2013-10-09 12:41:00,-87.664034588,HOMICIDE,2013,60660
2002,089XX S MAY ST,HW486706,2013-10-09 21:15:00,-87.65200108,HOMICIDE,2013,60620
2003,067XX S CHAPPEL AVE,HW486725,2013-10-09 21:43:00,-87.575253185,HOMICIDE,2013,60649
2004,067XX S CHAPPEL AVE,HW486725,2013-10-09 21:43:00,-87.575253185,HOMICIDE,2013,60649
2005,067XX S CHAPPEL AVE,HW486725,2013-10-09 23:19:00,-87.575253185,HOMICIDE,2013,60649
2006,044XX W ADAMS ST,HW487969,2013-10-10 19:43:00,-87.735993683,HOMICIDE,2013,60624
2007,010XX N RICHMOND ST,HW488231,2013-10-11 00:15:00,-87.7004854,HOMICIDE,2013,60622
2008,003XX S CICERO AVE,HW490952,2013-10-13 05:02:00,-87.745137513,HOMICIDE,2013,60644
2009,008XX E 82ND ST,HW492267,2013-10-14 10:47:00,-87.603493223,HOMICIDE,2013,60619
2010,105XX S LAFAYETTE AVE,HW495229,2013-10-16 15:24:00,-87.624586143,HOMICIDE,2013,60628
2011,105XX S LAFAYETTE AVE,HW495229,2013-10-16 15:24:00,-87.624586143,HOMICIDE,2013,60628
2012,019XX W OGDEN AVE,HW495956,2013-10-17 03:47:00,-87.675868666,HOMICIDE,2013,60612
2013,057XX W BLOOMINGDALE AVE,HW300967,2013-10-16 19:50:00,-87.768863775,HOMICIDE,2013,60639
2014,083XX S ELLIS AVE,HW501750,2013-10-21 16:15:00,-87.600152807,HOMICIDE,2013,60619
2015,008XX E 82ND ST,HW492267,2013-10-26 08:30:00,-87.603493223,HOMICIDE,2013,60619
2016,006XX W 89TH ST,HW508458,2013-10-26 19:11:00,-87.640279876,HOMICIDE,2013,60620
2017,037XX W LAWRENCE AVE,HW508800,2013-10-27 01:29:00,-87.721003237,HOMICIDE,2013,60625
2018,012XX W 72ND PL,HW509988,2013-10-28 05:25:00,-87.655644106,HOMICIDE,2013,60636
2019,015XX S CHRISTIANA AVE,HW510593,2013-10-28 14:54:00,-87.709144383,HOMICIDE,2013,60623
