GEO.id,GEO.id2,GEO.display-label,HD01_VD01,HD01_VD02,HD01_VD03
Id,Id2,Geography,Estimate; Total:,Estimate; Total: - One or more health insurance items imputed,Estimate; Total: - No health insurance items imputed
8600000US60002,60002,ZCTA5 60002,24287,2776,21511
8600000US60004,60004,ZCTA5 60004,49785,5293,44492
8600000US60005,60005,ZCTA5 60005,30227,3552,26675
8600000US60007,60007,ZCTA5 60007,33687,3378,30309
8600000US60008,60008,ZCTA5 60008,22212,2119,20093
8600000US60010,60010,ZCTA5 60010,44225,5412,38813
8600000US60012,60012,ZCTA5 60012,11276,924,10352
8600000US60013,60013,ZCTA5 60013,26241,1945,24296
8600000US60014,60014,ZCTA5 60014,48226,4869,43357
8600000US60015,60015,ZCTA5 60015,27095,3756,23339
8600000US60016,60016,ZCTA5 60016,60937,5901,55036
8600000US60018,60018,ZCTA5 60018,28603,3089,25514
8600000US60020,60020,ZCTA5 60020,10209,1220,8989
8600000US60021,60021,ZCTA5 60021,5724,701,5023
8600000US60022,60022,ZCTA5 60022,8383,896,7487
8600000US60025,60025,ZCTA5 60025,39010,4148,34862
8600000US60026,60026,ZCTA5 60026,13431,1346,12085
8600000US60029,60029,ZCTA5 60029,478,18,460
8600000US60030,60030,ZCTA5 60030,36532,3046,33486
8600000US60031,60031,ZCTA5 60031,37819,2977,34842
8600000US60033,60033,ZCTA5 60033,13686,1292,12394
8600000US60034,60034,ZCTA5 60034,1795,138,1657
8600000US60035,60035,ZCTA5 60035,29573,3979,25594
8600000US60040,60040,ZCTA5 60040,5313,561,4752
8600000US60041,60041,ZCTA5 60041,8655,1129,7526
8600000US60042,60042,ZCTA5 60042,8489,585,7904
8600000US60043,60043,ZCTA5 60043,2648,235,2413
8600000US60044,60044,ZCTA5 60044,9571,969,8602
8600000US60045,60045,ZCTA5 60045,20436,2604,17832
8600000US60046,60046,ZCTA5 60046,34672,3186,31486
8600000US60047,60047,ZCTA5 60047,41603,3998,37605
8600000US60048,60048,ZCTA5 60048,28901,2414,26487
8600000US60050,60050,ZCTA5 60050,32040,2923,29117
8600000US60051,60051,ZCTA5 60051,24783,1979,22804
8600000US60053,60053,ZCTA5 60053,23299,2956,20343
8600000US60056,60056,ZCTA5 60056,55598,5742,49856
8600000US60060,60060,ZCTA5 60060,37879,3544,34335
8600000US60061,60061,ZCTA5 60061,26076,2652,23424
8600000US60062,60062,ZCTA5 60062,39483,5002,34481
8600000US60064,60064,ZCTA5 60064,15691,1571,14120
8600000US60067,60067,ZCTA5 60067,38084,3853,34231
8600000US60068,60068,ZCTA5 60068,37091,3596,33495
8600000US60069,60069,ZCTA5 60069,8138,1122,7016
8600000US60070,60070,ZCTA5 60070,15931,1487,14444
8600000US60071,60071,ZCTA5 60071,3482,368,3114
8600000US60072,60072,ZCTA5 60072,881,61,820
8600000US60073,60073,ZCTA5 60073,60719,5256,55463
8600000US60074,60074,ZCTA5 60074,38986,3260,35726
8600000US60076,60076,ZCTA5 60076,32353,3711,28642
8600000US60077,60077,ZCTA5 60077,27659,3227,24432
8600000US60081,60081,ZCTA5 60081,9963,907,9056
8600000US60083,60083,ZCTA5 60083,10352,991,9361
8600000US60084,60084,ZCTA5 60084,15773,1618,14155
8600000US60085,60085,ZCTA5 60085,69586,5602,63984
8600000US60087,60087,ZCTA5 60087,26213,2669,23544
8600000US60088,60088,ZCTA5 60088,3219,164,3055
8600000US60089,60089,ZCTA5 60089,41467,4347,37120
8600000US60090,60090,ZCTA5 60090,37479,3629,33850
8600000US60091,60091,ZCTA5 60091,27230,2791,24439
8600000US60093,60093,ZCTA5 60093,19385,2294,17091
8600000US60096,60096,ZCTA5 60096,6910,627,6283
8600000US60097,60097,ZCTA5 60097,10883,959,9924
8600000US60098,60098,ZCTA5 60098,31632,1922,29710
8600000US60099,60099,ZCTA5 60099,31250,3131,28119
8600000US60101,60101,ZCTA5 60101,39650,4645,35005
8600000US60102,60102,ZCTA5 60102,32670,3343,29327
8600000US60103,60103,ZCTA5 60103,42370,3250,39120
8600000US60104,60104,ZCTA5 60104,19006,1602,17404
8600000US60106,60106,ZCTA5 60106,20001,2813,17188
8600000US60107,60107,ZCTA5 60107,40893,4966,35927
8600000US60108,60108,ZCTA5 60108,22468,2663,19805
8600000US60109,60109,ZCTA5 60109,560,24,536
8600000US60110,60110,ZCTA5 60110,39195,3400,35795
8600000US60111,60111,ZCTA5 60111,263,51,212
8600000US60112,60112,ZCTA5 60112,4652,384,4268
8600000US60113,60113,ZCTA5 60113,363,16,347
8600000US60115,60115,ZCTA5 60115,46007,5636,40371
8600000US60118,60118,ZCTA5 60118,15442,1342,14100
8600000US60119,60119,ZCTA5 60119,10361,847,9514
8600000US60120,60120,ZCTA5 60120,49968,4135,45833
8600000US60123,60123,ZCTA5 60123,48121,5156,42965
8600000US60124,60124,ZCTA5 60124,20430,2918,17512
8600000US60126,60126,ZCTA5 60126,46435,4922,41513
8600000US60129,60129,ZCTA5 60129,164,33,131
8600000US60130,60130,ZCTA5 60130,14006,1546,12460
8600000US60131,60131,ZCTA5 60131,18078,1560,16518
8600000US60133,60133,ZCTA5 60133,38351,3694,34657
8600000US60134,60134,ZCTA5 60134,28950,2219,26731
8600000US60135,60135,ZCTA5 60135,7102,864,6238
8600000US60136,60136,ZCTA5 60136,7276,345,6931
8600000US60137,60137,ZCTA5 60137,38372,4610,33762
8600000US60139,60139,ZCTA5 60139,35000,3188,31812
8600000US60140,60140,ZCTA5 60140,14509,1220,13289
8600000US60141,60141,ZCTA5 60141,46,3,43
8600000US60142,60142,ZCTA5 60142,27008,4138,22870
8600000US60143,60143,ZCTA5 60143,10105,1045,9060
8600000US60144,60144,ZCTA5 60144,79,2,77
8600000US60145,60145,ZCTA5 60145,2506,197,2309
8600000US60146,60146,ZCTA5 60146,2814,245,2569
8600000US60148,60148,ZCTA5 60148,52525,6392,46133
8600000US60150,60150,ZCTA5 60150,1509,194,1315
8600000US60151,60151,ZCTA5 60151,4333,367,3966
8600000US60152,60152,ZCTA5 60152,12771,1140,11631
8600000US60153,60153,ZCTA5 60153,24133,2358,21775
8600000US60154,60154,ZCTA5 60154,16722,2304,14418
8600000US60155,60155,ZCTA5 60155,7947,1148,6799
8600000US60156,60156,ZCTA5 60156,28810,2009,26801
8600000US60157,60157,ZCTA5 60157,2020,355,1665
8600000US60160,60160,ZCTA5 60160,25554,1796,23758
8600000US60162,60162,ZCTA5 60162,7903,738,7165
8600000US60163,60163,ZCTA5 60163,5192,389,4803
8600000US60164,60164,ZCTA5 60164,22045,1764,20281
8600000US60165,60165,ZCTA5 60165,4959,270,4689
8600000US60169,60169,ZCTA5 60169,33932,2955,30977
8600000US60171,60171,ZCTA5 60171,10305,1194,9111
8600000US60172,60172,ZCTA5 60172,24623,1983,22640
8600000US60173,60173,ZCTA5 60173,12108,1192,10916
8600000US60174,60174,ZCTA5 60174,31196,3598,27598
8600000US60175,60175,ZCTA5 60175,25352,2892,22460
8600000US60176,60176,ZCTA5 60176,11842,1445,10397
8600000US60177,60177,ZCTA5 60177,22561,1629,20932
8600000US60178,60178,ZCTA5 60178,21947,2116,19831
8600000US60180,60180,ZCTA5 60180,1520,199,1321
8600000US60181,60181,ZCTA5 60181,28898,2533,26365
8600000US60184,60184,ZCTA5 60184,2424,186,2238
8600000US60185,60185,ZCTA5 60185,35929,3417,32512
8600000US60187,60187,ZCTA5 60187,27582,3198,24384
8600000US60188,60188,ZCTA5 60188,42528,3655,38873
8600000US60189,60189,ZCTA5 60189,31619,3255,28364
8600000US60190,60190,ZCTA5 60190,10480,1215,9265
8600000US60191,60191,ZCTA5 60191,14389,1882,12507
8600000US60192,60192,ZCTA5 60192,16637,1490,15147
8600000US60193,60193,ZCTA5 60193,40014,3753,36261
8600000US60194,60194,ZCTA5 60194,19374,1774,17600
8600000US60195,60195,ZCTA5 60195,4294,306,3988
8600000US60201,60201,ZCTA5 60201,42031,5063,36968
8600000US60202,60202,ZCTA5 60202,32014,3031,28983
8600000US60203,60203,ZCTA5 60203,4460,455,4005
8600000US60301,60301,ZCTA5 60301,2156,195,1961
8600000US60302,60302,ZCTA5 60302,31900,2336,29564
8600000US60304,60304,ZCTA5 60304,17648,1715,15933
8600000US60305,60305,ZCTA5 60305,11211,1459,9752
8600000US60401,60401,ZCTA5 60401,7678,739,6939
8600000US60402,60402,ZCTA5 60402,64178,5233,58945
8600000US60403,60403,ZCTA5 60403,17488,2058,15430
8600000US60404,60404,ZCTA5 60404,17872,1550,16322
8600000US60406,60406,ZCTA5 60406,25641,2280,23361
8600000US60407,60407,ZCTA5 60407,1826,162,1664
8600000US60408,60408,ZCTA5 60408,5462,639,4823
8600000US60409,60409,ZCTA5 60409,37434,4125,33309
8600000US60410,60410,ZCTA5 60410,12713,1057,11656
8600000US60411,60411,ZCTA5 60411,58479,6422,52057
8600000US60415,60415,ZCTA5 60415,13932,1782,12150
8600000US60416,60416,ZCTA5 60416,9165,659,8506
8600000US60417,60417,ZCTA5 60417,15575,1975,13600
8600000US60419,60419,ZCTA5 60419,22741,2565,20176
8600000US60420,60420,ZCTA5 60420,4952,464,4488
8600000US60421,60421,ZCTA5 60421,4027,368,3659
8600000US60422,60422,ZCTA5 60422,9132,1025,8107
8600000US60423,60423,ZCTA5 60423,30126,3110,27016
8600000US60424,60424,ZCTA5 60424,2322,252,2070
8600000US60425,60425,ZCTA5 60425,8961,1393,7568
8600000US60426,60426,ZCTA5 60426,28606,2855,25751
8600000US60428,60428,ZCTA5 60428,12710,1397,11313
8600000US60429,60429,ZCTA5 60429,15682,2083,13599
8600000US60430,60430,ZCTA5 60430,20311,2195,18116
8600000US60431,60431,ZCTA5 60431,22096,2785,19311
8600000US60432,60432,ZCTA5 60432,21167,1686,19481
8600000US60433,60433,ZCTA5 60433,16662,1827,14835
8600000US60435,60435,ZCTA5 60435,47782,4435,43347
8600000US60436,60436,ZCTA5 60436,18465,1865,16600
8600000US60437,60437,ZCTA5 60437,164,21,143
8600000US60438,60438,ZCTA5 60438,28856,3403,25453
8600000US60439,60439,ZCTA5 60439,23011,2820,20191
8600000US60440,60440,ZCTA5 60440,53470,4062,49408
8600000US60441,60441,ZCTA5 60441,34430,3210,31220
8600000US60442,60442,ZCTA5 60442,9814,781,9033
8600000US60443,60443,ZCTA5 60443,21174,2093,19081
8600000US60444,60444,ZCTA5 60444,1890,239,1651
8600000US60445,60445,ZCTA5 60445,25695,3192,22503
8600000US60446,60446,ZCTA5 60446,39853,4229,35624
8600000US60447,60447,ZCTA5 60447,13928,1472,12456
8600000US60448,60448,ZCTA5 60448,24929,2519,22410
8600000US60449,60449,ZCTA5 60449,9319,744,8575
8600000US60450,60450,ZCTA5 60450,20276,1929,18347
8600000US60451,60451,ZCTA5 60451,34537,3670,30867
8600000US60452,60452,ZCTA5 60452,28160,3190,24970
8600000US60453,60453,ZCTA5 60453,56506,7069,49437
8600000US60455,60455,ZCTA5 60455,16099,1853,14246
8600000US60456,60456,ZCTA5 60456,4358,479,3879
8600000US60457,60457,ZCTA5 60457,14053,1333,12720
8600000US60458,60458,ZCTA5 60458,14437,1484,12953
8600000US60459,60459,ZCTA5 60459,28947,3391,25556
8600000US60460,60460,ZCTA5 60460,1372,197,1175
8600000US60461,60461,ZCTA5 60461,4888,1023,3865
8600000US60462,60462,ZCTA5 60462,38770,4837,33933
8600000US60463,60463,ZCTA5 60463,13860,1853,12007
8600000US60464,60464,ZCTA5 60464,9433,1545,7888
8600000US60465,60465,ZCTA5 60465,17463,2136,15327
8600000US60466,60466,ZCTA5 60466,22694,2091,20603
8600000US60467,60467,ZCTA5 60467,27115,3163,23952
8600000US60468,60468,ZCTA5 60468,5829,547,5282
8600000US60469,60469,ZCTA5 60469,5934,548,5386
8600000US60470,60470,ZCTA5 60470,580,63,517
8600000US60471,60471,ZCTA5 60471,13769,1845,11924
8600000US60472,60472,ZCTA5 60472,4970,716,4254
8600000US60473,60473,ZCTA5 60473,21897,2989,18908
8600000US60474,60474,ZCTA5 60474,827,65,762
8600000US60475,60475,ZCTA5 60475,9697,929,8768
8600000US60476,60476,ZCTA5 60476,2826,291,2535
8600000US60477,60477,ZCTA5 60477,38349,4752,33597
8600000US60478,60478,ZCTA5 60478,17005,3120,13885
8600000US60479,60479,ZCTA5 60479,728,59,669
8600000US60480,60480,ZCTA5 60480,5190,865,4325
8600000US60481,60481,ZCTA5 60481,11825,1267,10558
8600000US60482,60482,ZCTA5 60482,11040,1522,9518
8600000US60484,60484,ZCTA5 60484,6735,441,6294
8600000US60487,60487,ZCTA5 60487,26993,3057,23936
8600000US60490,60490,ZCTA5 60490,20346,1908,18438
8600000US60491,60491,ZCTA5 60491,22635,1905,20730
8600000US60501,60501,ZCTA5 60501,11958,1216,10742
8600000US60502,60502,ZCTA5 60502,23099,1558,21541
8600000US60503,60503,ZCTA5 60503,17192,865,16327
8600000US60504,60504,ZCTA5 60504,37078,2519,34559
8600000US60505,60505,ZCTA5 60505,74353,6054,68299
8600000US60506,60506,ZCTA5 60506,55950,6048,49902
8600000US60510,60510,ZCTA5 60510,28938,2908,26030
8600000US60511,60511,ZCTA5 60511,1530,210,1320
8600000US60512,60512,ZCTA5 60512,2000,159,1841
8600000US60513,60513,ZCTA5 60513,18923,1338,17585
8600000US60514,60514,ZCTA5 60514,10181,1044,9137
8600000US60515,60515,ZCTA5 60515,28700,3145,25555
8600000US60516,60516,ZCTA5 60516,27443,2537,24906
8600000US60517,60517,ZCTA5 60517,32464,2862,29602
8600000US60518,60518,ZCTA5 60518,3753,475,3278
8600000US60519,60519,ZCTA5 60519,41,0,41
8600000US60520,60520,ZCTA5 60520,2827,294,2533
8600000US60521,60521,ZCTA5 60521,17491,1953,15538
8600000US60523,60523,ZCTA5 60523,9779,1732,8047
8600000US60525,60525,ZCTA5 60525,31097,3571,27526
8600000US60526,60526,ZCTA5 60526,13485,1306,12179
8600000US60527,60527,ZCTA5 60527,28197,3200,24997
8600000US60530,60530,ZCTA5 60530,556,54,502
8600000US60531,60531,ZCTA5 60531,1708,266,1442
8600000US60532,60532,ZCTA5 60532,27063,2967,24096
8600000US60534,60534,ZCTA5 60534,10604,1474,9130
8600000US60536,60536,ZCTA5 60536,111,9,102
8600000US60537,60537,ZCTA5 60537,663,25,638
8600000US60538,60538,ZCTA5 60538,26862,1943,24919
8600000US60539,60539,ZCTA5 60539,328,52,276
8600000US60540,60540,ZCTA5 60540,43302,4390,38912
8600000US60541,60541,ZCTA5 60541,3297,294,3003
8600000US60542,60542,ZCTA5 60542,17107,1944,15163
8600000US60543,60543,ZCTA5 60543,37711,3044,34667
8600000US60544,60544,ZCTA5 60544,25065,2722,22343
8600000US60545,60545,ZCTA5 60545,13271,1183,12088
8600000US60546,60546,ZCTA5 60546,15901,1453,14448
8600000US60548,60548,ZCTA5 60548,12029,1323,10706
8600000US60549,60549,ZCTA5 60549,935,0,935
8600000US60550,60550,ZCTA5 60550,1469,108,1361
8600000US60551,60551,ZCTA5 60551,3645,215,3430
8600000US60552,60552,ZCTA5 60552,4465,441,4024
8600000US60553,60553,ZCTA5 60553,864,134,730
8600000US60554,60554,ZCTA5 60554,11691,1157,10534
8600000US60555,60555,ZCTA5 60555,13533,1353,12180
8600000US60556,60556,ZCTA5 60556,1815,218,1597
8600000US60557,60557,ZCTA5 60557,26,0,26
8600000US60558,60558,ZCTA5 60558,13061,1509,11552
8600000US60559,60559,ZCTA5 60559,24288,2158,22130
8600000US60560,60560,ZCTA5 60560,22348,2283,20065
8600000US60561,60561,ZCTA5 60561,23136,2917,20219
8600000US60563,60563,ZCTA5 60563,35632,3746,31886
8600000US60564,60564,ZCTA5 60564,41832,3077,38755
8600000US60565,60565,ZCTA5 60565,40213,3839,36374
8600000US60585,60585,ZCTA5 60585,23290,1838,21452
8600000US60586,60586,ZCTA5 60586,47066,3171,43895
8600000US60601,60601,ZCTA5 60601,10873,1480,9393
8600000US60602,60602,ZCTA5 60602,1429,266,1163
8600000US60603,60603,ZCTA5 60603,1002,37,965
8600000US60604,60604,ZCTA5 60604,419,29,390
8600000US60605,60605,ZCTA5 60605,25413,2168,23245
8600000US60606,60606,ZCTA5 60606,2822,175,2647
8600000US60607,60607,ZCTA5 60607,25621,2111,23510
8600000US60608,60608,ZCTA5 60608,70991,4766,66225
8600000US60609,60609,ZCTA5 60609,62271,5213,57058
8600000US60610,60610,ZCTA5 60610,38378,3277,35101
8600000US60611,60611,ZCTA5 60611,30648,3553,27095
8600000US60612,60612,ZCTA5 60612,34725,3219,31506
8600000US60613,60613,ZCTA5 60613,49084,4196,44888
8600000US60614,60614,ZCTA5 60614,68051,5388,62663
8600000US60615,60615,ZCTA5 60615,41120,4801,36319
8600000US60616,60616,ZCTA5 60616,49111,3830,45281
8600000US60617,60617,ZCTA5 60617,82610,8500,74110
8600000US60618,60618,ZCTA5 60618,95914,7226,88688
8600000US60619,60619,ZCTA5 60619,64187,7549,56638
8600000US60620,60620,ZCTA5 60620,71307,8981,62326
8600000US60621,60621,ZCTA5 60621,32196,3202,28994
8600000US60622,60622,ZCTA5 60622,54247,4678,49569
8600000US60623,60623,ZCTA5 60623,87620,6909,80711
8600000US60624,60624,ZCTA5 60624,39555,3197,36358
8600000US60625,60625,ZCTA5 60625,77835,5954,71881
8600000US60626,60626,ZCTA5 60626,47778,3916,43862
8600000US60628,60628,ZCTA5 60628,69632,9527,60105
8600000US60629,60629,ZCTA5 60629,115003,7714,107289
8600000US60630,60630,ZCTA5 60630,56819,5032,51787
8600000US60631,60631,ZCTA5 60631,27522,3140,24382
8600000US60632,60632,ZCTA5 60632,91153,6762,84391
8600000US60633,60633,ZCTA5 60633,12731,1459,11272
8600000US60634,60634,ZCTA5 60634,72901,6804,66097
8600000US60636,60636,ZCTA5 60636,40151,3932,36219
8600000US60637,60637,ZCTA5 60637,48647,5912,42735
8600000US60638,60638,ZCTA5 60638,56811,5497,51314
8600000US60639,60639,ZCTA5 60639,92079,6590,85489
8600000US60640,60640,ZCTA5 60640,63161,5759,57402
8600000US60641,60641,ZCTA5 60641,72256,6817,65439
8600000US60642,60642,ZCTA5 60642,19366,2002,17364
8600000US60643,60643,ZCTA5 60643,50653,7041,43612
8600000US60644,60644,ZCTA5 60644,48816,4050,44766
8600000US60645,60645,ZCTA5 60645,45752,5146,40606
8600000US60646,60646,ZCTA5 60646,28178,2600,25578
8600000US60647,60647,ZCTA5 60647,87080,6562,80518
8600000US60649,60649,ZCTA5 60649,44548,6195,38353
8600000US60651,60651,ZCTA5 60651,60926,6312,54614
8600000US60652,60652,ZCTA5 60652,42171,3672,38499
8600000US60653,60653,ZCTA5 60653,30522,3037,27485
8600000US60654,60654,ZCTA5 60654,16244,1310,14934
8600000US60655,60655,ZCTA5 60655,27998,2529,25469
8600000US60656,60656,ZCTA5 60656,28895,2945,25950
8600000US60657,60657,ZCTA5 60657,69316,5445,63871
8600000US60659,60659,ZCTA5 60659,38561,3346,35215
8600000US60660,60660,ZCTA5 60660,40824,3579,37245
8600000US60661,60661,ZCTA5 60661,8838,535,8303
8600000US60706,60706,ZCTA5 60706,22845,2568,20277
8600000US60707,60707,ZCTA5 60707,42725,4527,38198
8600000US60712,60712,ZCTA5 60712,12596,1621,10975
8600000US60714,60714,ZCTA5 60714,28933,3673,25260
8600000US60803,60803,ZCTA5 60803,22991,2300,20691
8600000US60804,60804,ZCTA5 60804,84063,6981,77082
8600000US60805,60805,ZCTA5 60805,19724,2006,17718
8600000US60827,60827,ZCTA5 60827,28772,3585,25187
8600000US60901,60901,ZCTA5 60901,35570,4001,31569
8600000US60910,60910,ZCTA5 60910,454,78,376
8600000US60911,60911,ZCTA5 60911,1569,139,1430
8600000US60912,60912,ZCTA5 60912,649,52,597
8600000US60913,60913,ZCTA5 60913,1295,93,1202
8600000US60914,60914,ZCTA5 60914,28740,2467,26273
8600000US60915,60915,ZCTA5 60915,10143,985,9158
8600000US60917,60917,ZCTA5 60917,634,36,598
8600000US60918,60918,ZCTA5 60918,860,94,766
8600000US60919,60919,ZCTA5 60919,611,49,562
8600000US60920,60920,ZCTA5 60920,172,9,163
8600000US60921,60921,ZCTA5 60921,1325,215,1110
8600000US60922,60922,ZCTA5 60922,2364,171,2193
8600000US60924,60924,ZCTA5 60924,1583,192,1391
8600000US60926,60926,ZCTA5 60926,20,3,17
8600000US60927,60927,ZCTA5 60927,2343,174,2169
8600000US60928,60928,ZCTA5 60928,808,41,767
8600000US60929,60929,ZCTA5 60929,923,57,866
8600000US60930,60930,ZCTA5 60930,690,151,539
8600000US60931,60931,ZCTA5 60931,546,48,498
8600000US60932,60932,ZCTA5 60932,52,36,16
8600000US60933,60933,ZCTA5 60933,273,43,230
8600000US60934,60934,ZCTA5 60934,314,51,263
8600000US60935,60935,ZCTA5 60935,1260,110,1150
8600000US60936,60936,ZCTA5 60936,4078,468,3610
8600000US60938,60938,ZCTA5 60938,1915,241,1674
8600000US60940,60940,ZCTA5 60940,3636,374,3262
8600000US60941,60941,ZCTA5 60941,1959,205,1754
8600000US60942,60942,ZCTA5 60942,5950,734,5216
8600000US60945,60945,ZCTA5 60945,185,18,167
8600000US60946,60946,ZCTA5 60946,340,55,285
8600000US60948,60948,ZCTA5 60948,1468,200,1268
8600000US60949,60949,ZCTA5 60949,678,43,635
8600000US60950,60950,ZCTA5 60950,11610,1481,10129
8600000US60951,60951,ZCTA5 60951,725,48,677
8600000US60952,60952,ZCTA5 60952,655,55,600
8600000US60953,60953,ZCTA5 60953,2447,325,2122
8600000US60954,60954,ZCTA5 60954,5989,613,5376
8600000US60955,60955,ZCTA5 60955,1789,127,1662
8600000US60957,60957,ZCTA5 60957,5112,480,4632
8600000US60958,60958,ZCTA5 60958,2069,221,1848
8600000US60959,60959,ZCTA5 60959,1033,63,970
8600000US60960,60960,ZCTA5 60960,1095,109,986
8600000US60961,60961,ZCTA5 60961,829,53,776
8600000US60962,60962,ZCTA5 60962,634,70,564
8600000US60963,60963,ZCTA5 60963,1913,209,1704
8600000US60964,60964,ZCTA5 60964,5379,622,4757
8600000US60966,60966,ZCTA5 60966,1517,157,1360
8600000US60968,60968,ZCTA5 60968,316,30,286
8600000US60969,60969,ZCTA5 60969,61,6,55
8600000US60970,60970,ZCTA5 60970,6980,902,6078
8600000US60973,60973,ZCTA5 60973,480,71,409
8600000US60974,60974,ZCTA5 60974,393,38,355
8600000US61001,61001,ZCTA5 61001,1226,210,1016
8600000US61006,61006,ZCTA5 61006,1687,328,1359
8600000US61007,61007,ZCTA5 61007,637,71,566
8600000US61008,61008,ZCTA5 61008,34466,3239,31227
8600000US61010,61010,ZCTA5 61010,8148,719,7429
8600000US61011,61011,ZCTA5 61011,2023,291,1732
8600000US61012,61012,ZCTA5 61012,2496,285,2211
8600000US61013,61013,ZCTA5 61013,510,40,470
8600000US61014,61014,ZCTA5 61014,1169,199,970
8600000US61015,61015,ZCTA5 61015,677,233,444
8600000US61016,61016,ZCTA5 61016,4266,892,3374
8600000US61018,61018,ZCTA5 61018,1091,126,965
8600000US61019,61019,ZCTA5 61019,3465,489,2976
8600000US61020,61020,ZCTA5 61020,3301,243,3058
8600000US61021,61021,ZCTA5 61021,20624,2366,18258
8600000US61024,61024,ZCTA5 61024,2183,326,1857
8600000US61025,61025,ZCTA5 61025,4745,715,4030
8600000US61027,61027,ZCTA5 61027,8,8,0
8600000US61028,61028,ZCTA5 61028,1943,305,1638
8600000US61030,61030,ZCTA5 61030,2472,280,2192
8600000US61031,61031,ZCTA5 61031,1531,302,1229
8600000US61032,61032,ZCTA5 61032,30605,4045,26560
8600000US61036,61036,ZCTA5 61036,6645,1042,5603
8600000US61037,61037,ZCTA5 61037,281,8,273
8600000US61038,61038,ZCTA5 61038,1036,100,936
8600000US61039,61039,ZCTA5 61039,898,80,818
8600000US61041,61041,ZCTA5 61041,1069,135,934
8600000US61042,61042,ZCTA5 61042,461,33,428
8600000US61043,61043,ZCTA5 61043,87,6,81
8600000US61044,61044,ZCTA5 61044,132,17,115
8600000US61046,61046,ZCTA5 61046,2853,342,2511
8600000US61047,61047,ZCTA5 61047,1660,155,1505
8600000US61048,61048,ZCTA5 61048,4046,469,3577
8600000US61049,61049,ZCTA5 61049,536,46,490
8600000US61050,61050,ZCTA5 61050,410,46,364
8600000US61051,61051,ZCTA5 61051,1567,170,1397
8600000US61052,61052,ZCTA5 61052,1014,153,861
8600000US61053,61053,ZCTA5 61053,2878,438,2440
8600000US61054,61054,ZCTA5 61054,3855,528,3327
8600000US61057,61057,ZCTA5 61057,132,44,88
8600000US61059,61059,ZCTA5 61059,167,9,158
8600000US61060,61060,ZCTA5 61060,1502,127,1375
8600000US61061,61061,ZCTA5 61061,6521,1085,5436
8600000US61062,61062,ZCTA5 61062,2117,272,1845
8600000US61063,61063,ZCTA5 61063,4248,675,3573
8600000US61064,61064,ZCTA5 61064,3487,583,2904
8600000US61065,61065,ZCTA5 61065,11011,2164,8847
8600000US61067,61067,ZCTA5 61067,658,124,534
8600000US61068,61068,ZCTA5 61068,14815,1886,12929
8600000US61070,61070,ZCTA5 61070,1327,120,1207
8600000US61071,61071,ZCTA5 61071,14323,1661,12662
8600000US61072,61072,ZCTA5 61072,11393,1300,10093
8600000US61073,61073,ZCTA5 61073,19594,2016,17578
8600000US61074,61074,ZCTA5 61074,4232,514,3718
8600000US61075,61075,ZCTA5 61075,1013,148,865
8600000US61077,61077,ZCTA5 61077,29,0,29
8600000US61078,61078,ZCTA5 61078,1337,238,1099
8600000US61079,61079,ZCTA5 61079,156,6,150
8600000US61080,61080,ZCTA5 61080,10842,884,9958
8600000US61081,61081,ZCTA5 61081,21237,2396,18841
8600000US61084,61084,ZCTA5 61084,2915,316,2599
8600000US61085,61085,ZCTA5 61085,3481,416,3065
8600000US61087,61087,ZCTA5 61087,1691,304,1387
8600000US61088,61088,ZCTA5 61088,5849,562,5287
8600000US61089,61089,ZCTA5 61089,771,143,628
8600000US61091,61091,ZCTA5 61091,82,14,68
8600000US61101,61101,ZCTA5 61101,22222,2676,19546
8600000US61102,61102,ZCTA5 61102,18440,2186,16254
8600000US61103,61103,ZCTA5 61103,23525,2954,20571
8600000US61104,61104,ZCTA5 61104,18690,2219,16471
8600000US61107,61107,ZCTA5 61107,30038,3517,26521
8600000US61108,61108,ZCTA5 61108,28629,3223,25406
8600000US61109,61109,ZCTA5 61109,27901,3490,24411
8600000US61111,61111,ZCTA5 61111,24354,3725,20629
8600000US61112,61112,ZCTA5 61112,100,19,81
8600000US61114,61114,ZCTA5 61114,14349,2065,12284
8600000US61115,61115,ZCTA5 61115,23100,2554,20546
8600000US61201,61201,ZCTA5 61201,38355,4839,33516
8600000US61230,61230,ZCTA5 61230,1457,187,1270
8600000US61231,61231,ZCTA5 61231,4901,597,4304
8600000US61232,61232,ZCTA5 61232,1557,142,1415
8600000US61234,61234,ZCTA5 61234,1371,197,1174
8600000US61235,61235,ZCTA5 61235,1439,148,1291
8600000US61236,61236,ZCTA5 61236,109,16,93
8600000US61238,61238,ZCTA5 61238,2963,317,2646
8600000US61239,61239,ZCTA5 61239,1195,138,1057
8600000US61240,61240,ZCTA5 61240,6181,738,5443
8600000US61241,61241,ZCTA5 61241,6768,635,6133
8600000US61242,61242,ZCTA5 61242,1105,135,970
8600000US61243,61243,ZCTA5 61243,234,8,226
8600000US61244,61244,ZCTA5 61244,22612,2961,19651
8600000US61250,61250,ZCTA5 61250,2574,234,2340
8600000US61251,61251,ZCTA5 61251,308,21,287
8600000US61252,61252,ZCTA5 61252,5238,526,4712
8600000US61254,61254,ZCTA5 61254,11058,1255,9803
8600000US61256,61256,ZCTA5 61256,1817,172,1645
8600000US61257,61257,ZCTA5 61257,1081,141,940
8600000US61258,61258,ZCTA5 61258,293,43,250
8600000US61259,61259,ZCTA5 61259,1174,181,993
8600000US61260,61260,ZCTA5 61260,815,93,722
8600000US61261,61261,ZCTA5 61261,1023,103,920
8600000US61262,61262,ZCTA5 61262,1277,100,1177
8600000US61263,61263,ZCTA5 61263,695,50,645
8600000US61264,61264,ZCTA5 61264,10550,1122,9428
8600000US61265,61265,ZCTA5 61265,44439,5613,38826
8600000US61270,61270,ZCTA5 61270,6760,648,6112
8600000US61272,61272,ZCTA5 61272,1454,130,1324
8600000US61273,61273,ZCTA5 61273,3326,430,2896
8600000US61274,61274,ZCTA5 61274,254,26,228
8600000US61275,61275,ZCTA5 61275,4502,420,4082
8600000US61276,61276,ZCTA5 61276,87,0,87
8600000US61277,61277,ZCTA5 61277,2943,252,2691
8600000US61278,61278,ZCTA5 61278,291,41,250
8600000US61279,61279,ZCTA5 61279,1012,85,927
8600000US61281,61281,ZCTA5 61281,2669,287,2382
8600000US61282,61282,ZCTA5 61282,7788,1086,6702
8600000US61283,61283,ZCTA5 61283,1490,127,1363
8600000US61284,61284,ZCTA5 61284,2187,269,1918
8600000US61285,61285,ZCTA5 61285,1516,321,1195
8600000US61301,61301,ZCTA5 61301,10349,976,9373
8600000US61310,61310,ZCTA5 61310,3829,390,3439
8600000US61311,61311,ZCTA5 61311,146,16,130
8600000US61312,61312,ZCTA5 61312,510,89,421
8600000US61313,61313,ZCTA5 61313,151,40,111
8600000US61314,61314,ZCTA5 61314,852,137,715
8600000US61315,61315,ZCTA5 61315,237,10,227
8600000US61316,61316,ZCTA5 61316,300,21,279
8600000US61317,61317,ZCTA5 61317,455,109,346
8600000US61318,61318,ZCTA5 61318,850,115,735
8600000US61319,61319,ZCTA5 61319,999,180,819
8600000US61320,61320,ZCTA5 61320,719,77,642
8600000US61321,61321,ZCTA5 61321,194,10,184
8600000US61322,61322,ZCTA5 61322,1615,115,1500
8600000US61323,61323,ZCTA5 61323,114,24,90
8600000US61324,61324,ZCTA5 61324,57,0,57
8600000US61325,61325,ZCTA5 61325,925,91,834
8600000US61326,61326,ZCTA5 61326,2333,169,2164
8600000US61327,61327,ZCTA5 61327,1333,111,1222
8600000US61328,61328,ZCTA5 61328,14,14,0
8600000US61329,61329,ZCTA5 61329,1297,127,1170
8600000US61330,61330,ZCTA5 61330,1390,200,1190
8600000US61331,61331,ZCTA5 61331,0,0,0
8600000US61332,61332,ZCTA5 61332,77,5,72
8600000US61333,61333,ZCTA5 61333,264,11,253
8600000US61334,61334,ZCTA5 61334,563,70,493
8600000US61335,61335,ZCTA5 61335,571,60,511
8600000US61336,61336,ZCTA5 61336,703,84,619
8600000US61337,61337,ZCTA5 61337,534,54,480
8600000US61338,61338,ZCTA5 61338,330,31,299
8600000US61340,61340,ZCTA5 61340,334,33,301
8600000US61341,61341,ZCTA5 61341,7524,884,6640
8600000US61342,61342,ZCTA5 61342,8947,883,8064
8600000US61344,61344,ZCTA5 61344,288,64,224
8600000US61345,61345,ZCTA5 61345,806,118,688
8600000US61346,61346,ZCTA5 61346,73,28,45
8600000US61348,61348,ZCTA5 61348,4576,640,3936
8600000US61349,61349,ZCTA5 61349,869,170,699
8600000US61350,61350,ZCTA5 61350,23601,3167,20434
8600000US61353,61353,ZCTA5 61353,1322,181,1141
8600000US61354,61354,ZCTA5 61354,10535,1775,8760
8600000US61356,61356,ZCTA5 61356,10579,1450,9129
8600000US61358,61358,ZCTA5 61358,432,41,391
8600000US61359,61359,ZCTA5 61359,329,50,279
8600000US61360,61360,ZCTA5 61360,3901,288,3613
8600000US61361,61361,ZCTA5 61361,1295,286,1009
8600000US61362,61362,ZCTA5 61362,5588,713,4875
8600000US61363,61363,ZCTA5 61363,228,7,221
8600000US61364,61364,ZCTA5 61364,20078,2324,17754
8600000US61367,61367,ZCTA5 61367,761,63,698
8600000US61368,61368,ZCTA5 61368,1394,187,1207
8600000US61369,61369,ZCTA5 61369,1468,130,1338
8600000US61370,61370,ZCTA5 61370,1308,118,1190
8600000US61372,61372,ZCTA5 61372,141,10,131
8600000US61373,61373,ZCTA5 61373,1850,217,1633
8600000US61374,61374,ZCTA5 61374,129,11,118
8600000US61375,61375,ZCTA5 61375,1135,153,982
8600000US61376,61376,ZCTA5 61376,2535,173,2362
8600000US61377,61377,ZCTA5 61377,1681,130,1551
8600000US61378,61378,ZCTA5 61378,540,47,493
8600000US61379,61379,ZCTA5 61379,1657,156,1501
8600000US61401,61401,ZCTA5 61401,32325,3859,28466
8600000US61410,61410,ZCTA5 61410,3467,411,3056
8600000US61411,61411,ZCTA5 61411,344,32,312
8600000US61412,61412,ZCTA5 61412,1276,206,1070
8600000US61413,61413,ZCTA5 61413,941,77,864
8600000US61414,61414,ZCTA5 61414,821,66,755
8600000US61415,61415,ZCTA5 61415,1655,247,1408
8600000US61416,61416,ZCTA5 61416,227,27,200
8600000US61417,61417,ZCTA5 61417,287,25,262
8600000US61418,61418,ZCTA5 61418,629,81,548
8600000US61419,61419,ZCTA5 61419,137,14,123
8600000US61420,61420,ZCTA5 61420,1121,100,1021
8600000US61421,61421,ZCTA5 61421,1415,176,1239
8600000US61422,61422,ZCTA5 61422,3254,432,2822
8600000US61423,61423,ZCTA5 61423,765,130,635
8600000US61424,61424,ZCTA5 61424,101,11,90
8600000US61425,61425,ZCTA5 61425,260,13,247
8600000US61426,61426,ZCTA5 61426,79,0,79
8600000US61427,61427,ZCTA5 61427,2321,315,2006
8600000US61428,61428,ZCTA5 61428,884,121,763
8600000US61430,61430,ZCTA5 61430,807,59,748
8600000US61431,61431,ZCTA5 61431,502,33,469
8600000US61432,61432,ZCTA5 61432,617,76,541
8600000US61433,61433,ZCTA5 61433,0,0,0
8600000US61434,61434,ZCTA5 61434,3218,344,2874
8600000US61435,61435,ZCTA5 61435,112,27,85
8600000US61436,61436,ZCTA5 61436,979,63,916
8600000US61437,61437,ZCTA5 61437,1044,127,917
8600000US61438,61438,ZCTA5 61438,881,113,768
8600000US61439,61439,ZCTA5 61439,223,19,204
8600000US61440,61440,ZCTA5 61440,658,113,545
8600000US61441,61441,ZCTA5 61441,1052,109,943
8600000US61442,61442,ZCTA5 61442,670,70,600
8600000US61443,61443,ZCTA5 61443,13425,1438,11987
8600000US61447,61447,ZCTA5 61447,952,53,899
8600000US61448,61448,ZCTA5 61448,3699,469,3230
8600000US61449,61449,ZCTA5 61449,546,28,518
8600000US61450,61450,ZCTA5 61450,1814,276,1538
8600000US61451,61451,ZCTA5 61451,515,33,482
8600000US61452,61452,ZCTA5 61452,349,60,289
8600000US61453,61453,ZCTA5 61453,581,66,515
8600000US61454,61454,ZCTA5 61454,516,40,476
8600000US61455,61455,ZCTA5 61455,21763,3025,18738
8600000US61458,61458,ZCTA5 61458,1001,154,847
8600000US61459,61459,ZCTA5 61459,443,111,332
8600000US61460,61460,ZCTA5 61460,230,32,198
8600000US61462,61462,ZCTA5 61462,11568,1503,10065
8600000US61465,61465,ZCTA5 61465,1243,116,1127
8600000US61466,61466,ZCTA5 61466,348,29,319
8600000US61467,61467,ZCTA5 61467,1140,73,1067
8600000US61468,61468,ZCTA5 61468,127,14,113
8600000US61469,61469,ZCTA5 61469,2240,205,2035
8600000US61470,61470,ZCTA5 61470,645,90,555
8600000US61471,61471,ZCTA5 61471,97,13,84
8600000US61472,61472,ZCTA5 61472,510,33,477
8600000US61473,61473,ZCTA5 61473,1548,170,1378
8600000US61474,61474,ZCTA5 61474,165,29,136
8600000US61475,61475,ZCTA5 61475,321,189,132
8600000US61476,61476,ZCTA5 61476,691,101,590
8600000US61477,61477,ZCTA5 61477,657,84,573
8600000US61478,61478,ZCTA5 61478,210,20,190
8600000US61479,61479,ZCTA5 61479,222,17,205
8600000US61480,61480,ZCTA5 61480,1368,122,1246
8600000US61482,61482,ZCTA5 61482,534,58,476
8600000US61483,61483,ZCTA5 61483,1774,189,1585
8600000US61484,61484,ZCTA5 61484,956,109,847
8600000US61485,61485,ZCTA5 61485,583,30,553
8600000US61486,61486,ZCTA5 61486,1554,191,1363
8600000US61488,61488,ZCTA5 61488,1182,102,1080
8600000US61489,61489,ZCTA5 61489,949,135,814
8600000US61490,61490,ZCTA5 61490,1443,129,1314
8600000US61491,61491,ZCTA5 61491,2310,321,1989
8600000US61501,61501,ZCTA5 61501,1811,289,1522
8600000US61516,61516,ZCTA5 61516,592,92,500
8600000US61517,61517,ZCTA5 61517,3129,327,2802
8600000US61519,61519,ZCTA5 61519,174,14,160
8600000US61520,61520,ZCTA5 61520,15520,1904,13616
8600000US61523,61523,ZCTA5 61523,11140,1041,10099
8600000US61524,61524,ZCTA5 61524,263,28,235
8600000US61525,61525,ZCTA5 61525,9549,829,8720
8600000US61526,61526,ZCTA5 61526,1138,118,1020
8600000US61528,61528,ZCTA5 61528,2620,383,2237
8600000US61529,61529,ZCTA5 61529,2836,210,2626
8600000US61530,61530,ZCTA5 61530,6446,632,5814
8600000US61531,61531,ZCTA5 61531,3285,305,2980
8600000US61532,61532,ZCTA5 61532,518,117,401
8600000US61533,61533,ZCTA5 61533,2313,196,2117
8600000US61534,61534,ZCTA5 61534,1734,153,1581
8600000US61535,61535,ZCTA5 61535,1331,167,1164
8600000US61536,61536,ZCTA5 61536,2725,277,2448
8600000US61537,61537,ZCTA5 61537,2706,394,2312
8600000US61539,61539,ZCTA5 61539,213,13,200
8600000US61540,61540,ZCTA5 61540,2569,374,2195
8600000US61541,61541,ZCTA5 61541,129,18,111
8600000US61542,61542,ZCTA5 61542,3677,478,3199
8600000US61543,61543,ZCTA5 61543,130,23,107
8600000US61544,61544,ZCTA5 61544,648,123,525
8600000US61545,61545,ZCTA5 61545,849,108,741
8600000US61546,61546,ZCTA5 61546,4173,568,3605
8600000US61547,61547,ZCTA5 61547,4214,341,3873
8600000US61548,61548,ZCTA5 61548,12103,1135,10968
8600000US61550,61550,ZCTA5 61550,17392,1918,15474
8600000US61552,61552,ZCTA5 61552,213,27,186
8600000US61553,61553,ZCTA5 61553,194,24,170
8600000US61554,61554,ZCTA5 61554,42193,5127,37066
8600000US61559,61559,ZCTA5 61559,3241,309,2932
8600000US61560,61560,ZCTA5 61560,441,94,347
8600000US61561,61561,ZCTA5 61561,2710,391,2319
8600000US61562,61562,ZCTA5 61562,54,0,54
8600000US61563,61563,ZCTA5 61563,512,66,446
8600000US61564,61564,ZCTA5 61564,1093,92,1001
8600000US61565,61565,ZCTA5 61565,1654,304,1350
8600000US61567,61567,ZCTA5 61567,522,94,428
8600000US61568,61568,ZCTA5 61568,4421,454,3967
8600000US61569,61569,ZCTA5 61569,915,157,758
8600000US61570,61570,ZCTA5 61570,1772,227,1545
8600000US61571,61571,ZCTA5 61571,24028,2626,21402
8600000US61572,61572,ZCTA5 61572,1220,224,996
8600000US61602,61602,ZCTA5 61602,824,77,747
8600000US61603,61603,ZCTA5 61603,16314,1594,14720
8600000US61604,61604,ZCTA5 61604,30612,3463,27149
8600000US61605,61605,ZCTA5 61605,15871,1758,14113
8600000US61606,61606,ZCTA5 61606,8197,936,7261
8600000US61607,61607,ZCTA5 61607,11471,1713,9758
8600000US61610,61610,ZCTA5 61610,5717,581,5136
8600000US61611,61611,ZCTA5 61611,25212,2609,22603
8600000US61614,61614,ZCTA5 61614,28144,3320,24824
8600000US61615,61615,ZCTA5 61615,22661,2178,20483
8600000US61616,61616,ZCTA5 61616,5885,655,5230
8600000US61625,61625,ZCTA5 61625,284,7,277
8600000US61701,61701,ZCTA5 61701,35021,4676,30345
8600000US61704,61704,ZCTA5 61704,36751,3416,33335
8600000US61705,61705,ZCTA5 61705,13249,1115,12134
8600000US61720,61720,ZCTA5 61720,179,18,161
8600000US61721,61721,ZCTA5 61721,629,53,576
8600000US61722,61722,ZCTA5 61722,501,99,402
8600000US61723,61723,ZCTA5 61723,1743,173,1570
8600000US61724,61724,ZCTA5 61724,532,59,473
8600000US61725,61725,ZCTA5 61725,1471,254,1217
8600000US61726,61726,ZCTA5 61726,2436,331,2105
8600000US61727,61727,ZCTA5 61727,9920,1256,8664
8600000US61728,61728,ZCTA5 61728,1380,161,1219
8600000US61729,61729,ZCTA5 61729,1057,165,892
8600000US61730,61730,ZCTA5 61730,404,22,382
8600000US61731,61731,ZCTA5 61731,269,15,254
8600000US61732,61732,ZCTA5 61732,2037,296,1741
8600000US61733,61733,ZCTA5 61733,998,106,892
8600000US61734,61734,ZCTA5 61734,2867,462,2405
8600000US61735,61735,ZCTA5 61735,548,80,468
8600000US61736,61736,ZCTA5 61736,1825,228,1597
8600000US61737,61737,ZCTA5 61737,730,107,623
8600000US61738,61738,ZCTA5 61738,4419,388,4031
8600000US61739,61739,ZCTA5 61739,4888,516,4372
8600000US61740,61740,ZCTA5 61740,1688,187,1501
8600000US61741,61741,ZCTA5 61741,1744,185,1559
8600000US61742,61742,ZCTA5 61742,1352,125,1227
8600000US61743,61743,ZCTA5 61743,224,26,198
8600000US61744,61744,ZCTA5 61744,1863,132,1731
8600000US61745,61745,ZCTA5 61745,4231,415,3816
8600000US61747,61747,ZCTA5 61747,1502,131,1371
8600000US61748,61748,ZCTA5 61748,2776,327,2449
8600000US61749,61749,ZCTA5 61749,549,88,461
8600000US61750,61750,ZCTA5 61750,115,7,108
8600000US61751,61751,ZCTA5 61751,99,4,95
8600000US61752,61752,ZCTA5 61752,4312,539,3773
8600000US61753,61753,ZCTA5 61753,3076,614,2462
8600000US61754,61754,ZCTA5 61754,1181,98,1083
8600000US61755,61755,ZCTA5 61755,4708,408,4300
8600000US61756,61756,ZCTA5 61756,2261,130,2131
8600000US61759,61759,ZCTA5 61759,1595,148,1447
8600000US61760,61760,ZCTA5 61760,2438,315,2123
8600000US61761,61761,ZCTA5 61761,54020,7259,46761
8600000US61764,61764,ZCTA5 61764,11977,1314,10663
8600000US61769,61769,ZCTA5 61769,573,41,532
8600000US61770,61770,ZCTA5 61770,994,134,860
8600000US61771,61771,ZCTA5 61771,1080,153,927
8600000US61772,61772,ZCTA5 61772,371,33,338
8600000US61773,61773,ZCTA5 61773,553,59,494
8600000US61774,61774,ZCTA5 61774,871,149,722
8600000US61775,61775,ZCTA5 61775,360,28,332
8600000US61776,61776,ZCTA5 61776,1582,274,1308
8600000US61777,61777,ZCTA5 61777,780,49,731
8600000US61778,61778,ZCTA5 61778,800,107,693
8600000US61801,61801,ZCTA5 61801,31130,4171,26959
8600000US61802,61802,ZCTA5 61802,18502,1606,16896
8600000US61810,61810,ZCTA5 61810,262,25,237
8600000US61811,61811,ZCTA5 61811,676,59,617
8600000US61812,61812,ZCTA5 61812,409,48,361
8600000US61813,61813,ZCTA5 61813,1910,225,1685
8600000US61814,61814,ZCTA5 61814,1284,94,1190
8600000US61815,61815,ZCTA5 61815,253,31,222
8600000US61816,61816,ZCTA5 61816,512,48,464
8600000US61817,61817,ZCTA5 61817,2892,231,2661
8600000US61818,61818,ZCTA5 61818,1557,119,1438
8600000US61820,61820,ZCTA5 61820,35930,4459,31471
8600000US61821,61821,ZCTA5 61821,30450,2841,27609
8600000US61822,61822,ZCTA5 61822,23590,2231,21359
8600000US61830,61830,ZCTA5 61830,528,54,474
8600000US61831,61831,ZCTA5 61831,116,24,92
8600000US61832,61832,ZCTA5 61832,36776,4182,32594
8600000US61833,61833,ZCTA5 61833,2051,251,1800
8600000US61834,61834,ZCTA5 61834,6393,849,5544
8600000US61839,61839,ZCTA5 61839,682,91,591
8600000US61840,61840,ZCTA5 61840,846,82,764
8600000US61841,61841,ZCTA5 61841,1198,177,1021
8600000US61842,61842,ZCTA5 61842,2804,371,2433
8600000US61843,61843,ZCTA5 61843,2210,226,1984
8600000US61844,61844,ZCTA5 61844,898,66,832
8600000US61845,61845,ZCTA5 61845,450,75,375
8600000US61846,61846,ZCTA5 61846,5222,528,4694
8600000US61847,61847,ZCTA5 61847,1187,78,1109
8600000US61848,61848,ZCTA5 61848,245,31,214
8600000US61849,61849,ZCTA5 61849,1734,192,1542
8600000US61850,61850,ZCTA5 61850,580,47,533
8600000US61851,61851,ZCTA5 61851,324,34,290
8600000US61852,61852,ZCTA5 61852,289,32,257
8600000US61853,61853,ZCTA5 61853,13453,1384,12069
8600000US61854,61854,ZCTA5 61854,1547,225,1322
8600000US61855,61855,ZCTA5 61855,226,27,199
8600000US61856,61856,ZCTA5 61856,7309,942,6367
8600000US61857,61857,ZCTA5 61857,151,19,132
8600000US61858,61858,ZCTA5 61858,2910,275,2635
8600000US61859,61859,ZCTA5 61859,1289,143,1146
8600000US61862,61862,ZCTA5 61862,465,80,385
8600000US61863,61863,ZCTA5 61863,677,68,609
8600000US61864,61864,ZCTA5 61864,1855,135,1720
8600000US61865,61865,ZCTA5 61865,1387,110,1277
8600000US61866,61866,ZCTA5 61866,13892,1821,12071
8600000US61870,61870,ZCTA5 61870,1339,290,1049
8600000US61871,61871,ZCTA5 61871,254,13,241
8600000US61872,61872,ZCTA5 61872,1091,116,975
8600000US61873,61873,ZCTA5 61873,6341,653,5688
8600000US61874,61874,ZCTA5 61874,7344,686,6658
8600000US61875,61875,ZCTA5 61875,683,90,593
8600000US61876,61876,ZCTA5 61876,882,74,808
8600000US61877,61877,ZCTA5 61877,1770,200,1570
8600000US61878,61878,ZCTA5 61878,1432,113,1319
8600000US61880,61880,ZCTA5 61880,4028,342,3686
8600000US61882,61882,ZCTA5 61882,680,72,608
8600000US61883,61883,ZCTA5 61883,4447,484,3963
8600000US61884,61884,ZCTA5 61884,1168,148,1020
8600000US61910,61910,ZCTA5 61910,4285,510,3775
8600000US61911,61911,ZCTA5 61911,4980,455,4525
8600000US61912,61912,ZCTA5 61912,1260,61,1199
8600000US61913,61913,ZCTA5 61913,1549,140,1409
8600000US61914,61914,ZCTA5 61914,1721,160,1561
8600000US61917,61917,ZCTA5 61917,645,61,584
8600000US61919,61919,ZCTA5 61919,1019,104,915
8600000US61920,61920,ZCTA5 61920,25698,3270,22428
8600000US61924,61924,ZCTA5 61924,2368,242,2126
8600000US61925,61925,ZCTA5 61925,810,101,709
8600000US61928,61928,ZCTA5 61928,954,38,916
8600000US61929,61929,ZCTA5 61929,690,56,634
8600000US61930,61930,ZCTA5 61930,435,43,392
8600000US61931,61931,ZCTA5 61931,1368,148,1220
8600000US61932,61932,ZCTA5 61932,463,52,411
8600000US61933,61933,ZCTA5 61933,1237,109,1128
8600000US61936,61936,ZCTA5 61936,133,19,114
8600000US61937,61937,ZCTA5 61937,1974,121,1853
8600000US61938,61938,ZCTA5 61938,21450,2281,19169
8600000US61940,61940,ZCTA5 61940,284,48,236
8600000US61941,61941,ZCTA5 61941,20,6,14
8600000US61942,61942,ZCTA5 61942,1239,86,1153
8600000US61943,61943,ZCTA5 61943,1374,169,1205
8600000US61944,61944,ZCTA5 61944,12025,1277,10748
8600000US61949,61949,ZCTA5 61949,177,4,173
8600000US61951,61951,ZCTA5 61951,7976,896,7080
8600000US61953,61953,ZCTA5 61953,6163,417,5746
8600000US61955,61955,ZCTA5 61955,186,21,165
8600000US61956,61956,ZCTA5 61956,2625,371,2254
8600000US61957,61957,ZCTA5 61957,2161,186,1975
8600000US62001,62001,ZCTA5 62001,1580,103,1477
8600000US62002,62002,ZCTA5 62002,32089,3386,28703
8600000US62006,62006,ZCTA5 62006,648,10,638
8600000US62009,62009,ZCTA5 62009,1932,263,1669
8600000US62010,62010,ZCTA5 62010,10995,1098,9897
8600000US62011,62011,ZCTA5 62011,277,21,256
8600000US62012,62012,ZCTA5 62012,6418,540,5878
8600000US62013,62013,ZCTA5 62013,486,41,445
8600000US62014,62014,ZCTA5 62014,4257,611,3646
8600000US62015,62015,ZCTA5 62015,314,24,290
8600000US62016,62016,ZCTA5 62016,3692,400,3292
8600000US62017,62017,ZCTA5 62017,730,118,612
8600000US62018,62018,ZCTA5 62018,3692,351,3341
8600000US62019,62019,ZCTA5 62019,411,24,387
8600000US62021,62021,ZCTA5 62021,728,116,612
8600000US62022,62022,ZCTA5 62022,916,66,850
8600000US62023,62023,ZCTA5 62023,121,15,106
8600000US62024,62024,ZCTA5 62024,9731,1060,8671
8600000US62025,62025,ZCTA5 62025,33259,3287,29972
8600000US62027,62027,ZCTA5 62027,476,32,444
8600000US62028,62028,ZCTA5 62028,1386,83,1303
8600000US62030,62030,ZCTA5 62030,140,8,132
8600000US62031,62031,ZCTA5 62031,823,85,738
8600000US62032,62032,ZCTA5 62032,617,66,551
8600000US62033,62033,ZCTA5 62033,4653,541,4112
8600000US62034,62034,ZCTA5 62034,13782,1214,12568
8600000US62035,62035,ZCTA5 62035,16150,1762,14388
8600000US62036,62036,ZCTA5 62036,715,132,583
8600000US62037,62037,ZCTA5 62037,1943,146,1797
8600000US62040,62040,ZCTA5 62040,42830,4824,38006
8600000US62044,62044,ZCTA5 62044,2227,260,1967
8600000US62045,62045,ZCTA5 62045,417,19,398
8600000US62046,62046,ZCTA5 62046,750,30,720
8600000US62047,62047,ZCTA5 62047,1655,89,1566
8600000US62048,62048,ZCTA5 62048,1549,138,1411
8600000US62049,62049,ZCTA5 62049,5759,595,5164
8600000US62050,62050,ZCTA5 62050,341,50,291
8600000US62051,62051,ZCTA5 62051,705,60,645
8600000US62052,62052,ZCTA5 62052,12994,1571,11423
8600000US62053,62053,ZCTA5 62053,639,45,594
8600000US62054,62054,ZCTA5 62054,694,62,632
8600000US62056,62056,ZCTA5 62056,8689,969,7720
8600000US62058,62058,ZCTA5 62058,833,89,744
8600000US62059,62059,ZCTA5 62059,807,56,751
8600000US62060,62060,ZCTA5 62060,4887,413,4474
8600000US62061,62061,ZCTA5 62061,2091,142,1949
8600000US62062,62062,ZCTA5 62062,8009,530,7479
8600000US62063,62063,ZCTA5 62063,1062,112,950
8600000US62065,62065,ZCTA5 62065,98,21,77
8600000US62067,62067,ZCTA5 62067,2498,226,2272
8600000US62069,62069,ZCTA5 62069,3158,472,2686
8600000US62070,62070,ZCTA5 62070,23,0,23
8600000US62074,62074,ZCTA5 62074,1391,93,1298
8600000US62075,62075,ZCTA5 62075,3199,383,2816
8600000US62076,62076,ZCTA5 62076,88,12,76
8600000US62077,62077,ZCTA5 62077,235,6,229
8600000US62078,62078,ZCTA5 62078,119,0,119
8600000US62079,62079,ZCTA5 62079,359,17,342
8600000US62080,62080,ZCTA5 62080,2569,245,2324
8600000US62081,62081,ZCTA5 62081,355,17,338
8600000US62082,62082,ZCTA5 62082,2787,357,2430
8600000US62083,62083,ZCTA5 62083,271,24,247
8600000US62084,62084,ZCTA5 62084,1546,166,1380
8600000US62085,62085,ZCTA5 62085,188,31,157
8600000US62086,62086,ZCTA5 62086,1543,107,1436
8600000US62087,62087,ZCTA5 62087,2294,211,2083
8600000US62088,62088,ZCTA5 62088,6724,1041,5683
8600000US62089,62089,ZCTA5 62089,381,46,335
8600000US62090,62090,ZCTA5 62090,1083,221,862
8600000US62091,62091,ZCTA5 62091,309,10,299
8600000US62092,62092,ZCTA5 62092,2968,385,2583
8600000US62093,62093,ZCTA5 62093,462,30,432
8600000US62094,62094,ZCTA5 62094,872,84,788
8600000US62095,62095,ZCTA5 62095,10816,1052,9764
8600000US62097,62097,ZCTA5 62097,2602,337,2265
8600000US62098,62098,ZCTA5 62098,132,34,98
8600000US62201,62201,ZCTA5 62201,7897,560,7337
8600000US62203,62203,ZCTA5 62203,6873,803,6070
8600000US62204,62204,ZCTA5 62204,8612,747,7865
8600000US62205,62205,ZCTA5 62205,8557,1147,7410
8600000US62206,62206,ZCTA5 62206,15968,1483,14485
8600000US62207,62207,ZCTA5 62207,8413,766,7647
8600000US62208,62208,ZCTA5 62208,16768,2467,14301
8600000US62214,62214,ZCTA5 62214,1099,81,1018
8600000US62215,62215,ZCTA5 62215,1757,193,1564
8600000US62216,62216,ZCTA5 62216,2763,317,2446
8600000US62217,62217,ZCTA5 62217,738,71,667
8600000US62218,62218,ZCTA5 62218,1769,97,1672
8600000US62219,62219,ZCTA5 62219,954,35,919
8600000US62220,62220,ZCTA5 62220,19343,2132,17211
8600000US62221,62221,ZCTA5 62221,28697,2968,25729
8600000US62223,62223,ZCTA5 62223,17043,2140,14903
8600000US62225,62225,ZCTA5 62225,3935,177,3758
8600000US62226,62226,ZCTA5 62226,29013,3855,25158
8600000US62230,62230,ZCTA5 62230,6185,730,5455
8600000US62231,62231,ZCTA5 62231,7211,660,6551
8600000US62232,62232,ZCTA5 62232,7011,1048,5963
8600000US62233,62233,ZCTA5 62233,6903,646,6257
8600000US62234,62234,ZCTA5 62234,32358,3205,29153
8600000US62236,62236,ZCTA5 62236,12570,1396,11174
8600000US62237,62237,ZCTA5 62237,2699,236,2463
8600000US62238,62238,ZCTA5 62238,686,66,620
8600000US62239,62239,ZCTA5 62239,4895,482,4413
8600000US62240,62240,ZCTA5 62240,2230,169,2061
8600000US62241,62241,ZCTA5 62241,1176,103,1073
8600000US62242,62242,ZCTA5 62242,1391,156,1235
8600000US62243,62243,ZCTA5 62243,5782,654,5128
8600000US62244,62244,ZCTA5 62244,1175,123,1052
8600000US62245,62245,ZCTA5 62245,1556,118,1438
8600000US62246,62246,ZCTA5 62246,9057,1399,7658
8600000US62248,62248,ZCTA5 62248,304,16,288
8600000US62249,62249,ZCTA5 62249,15563,1319,14244
8600000US62250,62250,ZCTA5 62250,551,31,520
8600000US62253,62253,ZCTA5 62253,737,88,649
8600000US62254,62254,ZCTA5 62254,5383,795,4588
8600000US62255,62255,ZCTA5 62255,887,104,783
8600000US62257,62257,ZCTA5 62257,3132,455,2677
8600000US62258,62258,ZCTA5 62258,9246,864,8382
8600000US62260,62260,ZCTA5 62260,6773,869,5904
8600000US62261,62261,ZCTA5 62261,149,6,143
8600000US62262,62262,ZCTA5 62262,1834,92,1742
8600000US62263,62263,ZCTA5 62263,5121,532,4589
8600000US62264,62264,ZCTA5 62264,3192,283,2909
8600000US62265,62265,ZCTA5 62265,4475,592,3883
8600000US62266,62266,ZCTA5 62266,334,25,309
8600000US62268,62268,ZCTA5 62268,739,104,635
8600000US62269,62269,ZCTA5 62269,30929,3070,27859
8600000US62271,62271,ZCTA5 62271,2095,164,1931
8600000US62272,62272,ZCTA5 62272,1705,153,1552
8600000US62273,62273,ZCTA5 62273,471,8,463
8600000US62274,62274,ZCTA5 62274,6422,859,5563
8600000US62275,62275,ZCTA5 62275,3435,436,2999
8600000US62277,62277,ZCTA5 62277,1513,159,1354
8600000US62278,62278,ZCTA5 62278,7026,625,6401
8600000US62279,62279,ZCTA5 62279,58,0,58
8600000US62280,62280,ZCTA5 62280,426,79,347
8600000US62281,62281,ZCTA5 62281,2170,238,1932
8600000US62282,62282,ZCTA5 62282,494,47,447
8600000US62284,62284,ZCTA5 62284,587,64,523
8600000US62285,62285,ZCTA5 62285,4320,608,3712
8600000US62286,62286,ZCTA5 62286,5984,587,5397
8600000US62288,62288,ZCTA5 62288,2886,361,2525
8600000US62289,62289,ZCTA5 62289,386,32,354
8600000US62292,62292,ZCTA5 62292,702,53,649
8600000US62293,62293,ZCTA5 62293,4668,498,4170
8600000US62294,62294,ZCTA5 62294,14258,1269,12989
8600000US62295,62295,ZCTA5 62295,1681,154,1527
8600000US62297,62297,ZCTA5 62297,244,42,202
8600000US62298,62298,ZCTA5 62298,16363,1871,14492
8600000US62301,62301,ZCTA5 62301,31980,4418,27562
8600000US62305,62305,ZCTA5 62305,18800,2630,16170
8600000US62311,62311,ZCTA5 62311,787,52,735
8600000US62312,62312,ZCTA5 62312,2296,439,1857
8600000US62313,62313,ZCTA5 62313,239,31,208
8600000US62314,62314,ZCTA5 62314,548,15,533
8600000US62316,62316,ZCTA5 62316,729,34,695
8600000US62319,62319,ZCTA5 62319,331,13,318
8600000US62320,62320,ZCTA5 62320,1993,162,1831
8600000US62321,62321,ZCTA5 62321,3833,350,3483
8600000US62323,62323,ZCTA5 62323,195,5,190
8600000US62324,62324,ZCTA5 62324,1084,94,990
8600000US62325,62325,ZCTA5 62325,407,45,362
8600000US62326,62326,ZCTA5 62326,2197,329,1868
8600000US62330,62330,ZCTA5 62330,1766,167,1599
8600000US62334,62334,ZCTA5 62334,104,11,93
8600000US62336,62336,ZCTA5 62336,71,5,66
8600000US62338,62338,ZCTA5 62338,1134,79,1055
8600000US62339,62339,ZCTA5 62339,956,97,859
8600000US62340,62340,ZCTA5 62340,1457,158,1299
8600000US62341,62341,ZCTA5 62341,3472,392,3080
8600000US62343,62343,ZCTA5 62343,572,36,536
8600000US62344,62344,ZCTA5 62344,89,6,83
8600000US62345,62345,ZCTA5 62345,450,44,406
8600000US62346,62346,ZCTA5 62346,184,9,175
8600000US62347,62347,ZCTA5 62347,2457,197,2260
8600000US62348,62348,ZCTA5 62348,162,24,138
8600000US62349,62349,ZCTA5 62349,475,109,366
8600000US62351,62351,ZCTA5 62351,1866,188,1678
8600000US62352,62352,ZCTA5 62352,291,26,265
8600000US62353,62353,ZCTA5 62353,3701,581,3120
8600000US62354,62354,ZCTA5 62354,1685,179,1506
8600000US62355,62355,ZCTA5 62355,865,136,729
8600000US62356,62356,ZCTA5 62356,527,62,465
8600000US62357,62357,ZCTA5 62357,219,20,199
8600000US62358,62358,ZCTA5 62358,895,163,732
8600000US62359,62359,ZCTA5 62359,260,11,249
8600000US62360,62360,ZCTA5 62360,2010,282,1728
8600000US62361,62361,ZCTA5 62361,763,56,707
8600000US62362,62362,ZCTA5 62362,355,34,321
8600000US62363,62363,ZCTA5 62363,5668,840,4828
8600000US62365,62365,ZCTA5 62365,797,42,755
8600000US62366,62366,ZCTA5 62366,1691,265,1426
8600000US62367,62367,ZCTA5 62367,1086,202,884
8600000US62370,62370,ZCTA5 62370,487,84,403
8600000US62373,62373,ZCTA5 62373,396,105,291
8600000US62374,62374,ZCTA5 62374,382,169,213
8600000US62375,62375,ZCTA5 62375,531,64,467
8600000US62376,62376,ZCTA5 62376,1116,96,1020
8600000US62378,62378,ZCTA5 62378,994,92,902
8600000US62379,62379,ZCTA5 62379,1823,223,1600
8600000US62380,62380,ZCTA5 62380,370,41,329
8600000US62401,62401,ZCTA5 62401,18354,2281,16073
8600000US62410,62410,ZCTA5 62410,1032,167,865
8600000US62411,62411,ZCTA5 62411,4492,481,4011
8600000US62413,62413,ZCTA5 62413,371,66,305
8600000US62414,62414,ZCTA5 62414,1821,220,1601
8600000US62417,62417,ZCTA5 62417,1992,634,1358
8600000US62418,62418,ZCTA5 62418,1850,221,1629
8600000US62419,62419,ZCTA5 62419,392,43,349
8600000US62420,62420,ZCTA5 62420,4426,442,3984
8600000US62421,62421,ZCTA5 62421,1022,186,836
8600000US62422,62422,ZCTA5 62422,1169,96,1073
8600000US62423,62423,ZCTA5 62423,686,114,572
8600000US62424,62424,ZCTA5 62424,2212,198,2014
8600000US62425,62425,ZCTA5 62425,678,120,558
8600000US62426,62426,ZCTA5 62426,1124,127,997
8600000US62427,62427,ZCTA5 62427,1619,92,1527
8600000US62428,62428,ZCTA5 62428,3226,366,2860
8600000US62431,62431,ZCTA5 62431,1128,77,1051
8600000US62432,62432,ZCTA5 62432,415,57,358
8600000US62433,62433,ZCTA5 62433,852,64,788
8600000US62434,62434,ZCTA5 62434,247,63,184
8600000US62436,62436,ZCTA5 62436,605,55,550
8600000US62438,62438,ZCTA5 62438,400,47,353
8600000US62439,62439,ZCTA5 62439,6637,1370,5267
8600000US62440,62440,ZCTA5 62440,1335,128,1207
8600000US62441,62441,ZCTA5 62441,7298,717,6581
8600000US62442,62442,ZCTA5 62442,2236,249,1987
8600000US62443,62443,ZCTA5 62443,1610,86,1524
8600000US62444,62444,ZCTA5 62444,365,27,338
8600000US62445,62445,ZCTA5 62445,1225,204,1021
8600000US62446,62446,ZCTA5 62446,361,105,256
8600000US62447,62447,ZCTA5 62447,3132,305,2827
8600000US62448,62448,ZCTA5 62448,5977,616,5361
8600000US62449,62449,ZCTA5 62449,2982,296,2686
8600000US62450,62450,ZCTA5 62450,11964,2251,9713
8600000US62451,62451,ZCTA5 62451,2220,285,1935
8600000US62452,62452,ZCTA5 62452,470,93,377
8600000US62454,62454,ZCTA5 62454,10364,1019,9345
8600000US62458,62458,ZCTA5 62458,2174,314,1860
8600000US62459,62459,ZCTA5 62459,255,27,228
8600000US62460,62460,ZCTA5 62460,848,136,712
8600000US62461,62461,ZCTA5 62461,801,124,677
8600000US62462,62462,ZCTA5 62462,1081,23,1058
8600000US62463,62463,ZCTA5 62463,1201,124,1077
8600000US62465,62465,ZCTA5 62465,960,73,887
8600000US62466,62466,ZCTA5 62466,1601,343,1258
8600000US62467,62467,ZCTA5 62467,4001,410,3591
8600000US62468,62468,ZCTA5 62468,2583,298,2285
8600000US62469,62469,ZCTA5 62469,432,50,382
8600000US62471,62471,ZCTA5 62471,8203,957,7246
8600000US62473,62473,ZCTA5 62473,1457,113,1344
8600000US62474,62474,ZCTA5 62474,984,130,854
8600000US62475,62475,ZCTA5 62475,314,9,305
8600000US62476,62476,ZCTA5 62476,1985,315,1670
8600000US62477,62477,ZCTA5 62477,1033,122,911
8600000US62478,62478,ZCTA5 62478,393,5,388
8600000US62479,62479,ZCTA5 62479,919,89,830
8600000US62480,62480,ZCTA5 62480,500,78,422
8600000US62481,62481,ZCTA5 62481,279,47,232
8600000US62501,62501,ZCTA5 62501,2501,262,2239
8600000US62510,62510,ZCTA5 62510,1869,192,1677
8600000US62512,62512,ZCTA5 62512,471,45,426
8600000US62513,62513,ZCTA5 62513,1599,149,1450
8600000US62514,62514,ZCTA5 62514,195,5,190
8600000US62515,62515,ZCTA5 62515,1100,151,949
8600000US62517,62517,ZCTA5 62517,291,29,262
8600000US62518,62518,ZCTA5 62518,357,0,357
8600000US62519,62519,ZCTA5 62519,51,25,26
8600000US62520,62520,ZCTA5 62520,1357,197,1160
8600000US62521,62521,ZCTA5 62521,35456,4498,30958
8600000US62522,62522,ZCTA5 62522,16480,1614,14866
8600000US62523,62523,ZCTA5 62523,589,39,550
8600000US62526,62526,ZCTA5 62526,32021,4181,27840
8600000US62530,62530,ZCTA5 62530,1547,206,1341
8600000US62531,62531,ZCTA5 62531,1851,176,1675
8600000US62532,62532,ZCTA5 62532,76,7,69
8600000US62533,62533,ZCTA5 62533,709,59,650
8600000US62534,62534,ZCTA5 62534,1151,139,1012
8600000US62535,62535,ZCTA5 62535,3783,312,3471
8600000US62536,62536,ZCTA5 62536,1020,130,890
8600000US62537,62537,ZCTA5 62537,50,11,39
8600000US62538,62538,ZCTA5 62538,255,33,222
8600000US62539,62539,ZCTA5 62539,1438,234,1204
8600000US62540,62540,ZCTA5 62540,1666,217,1449
8600000US62541,62541,ZCTA5 62541,101,14,87
8600000US62543,62543,ZCTA5 62543,400,53,347
8600000US62544,62544,ZCTA5 62544,1993,171,1822
8600000US62545,62545,ZCTA5 62545,900,170,730
8600000US62546,62546,ZCTA5 62546,1380,175,1205
8600000US62547,62547,ZCTA5 62547,875,60,815
8600000US62548,62548,ZCTA5 62548,1695,221,1474
8600000US62549,62549,ZCTA5 62549,5998,414,5584
8600000US62550,62550,ZCTA5 62550,2763,340,2423
8600000US62551,62551,ZCTA5 62551,755,56,699
8600000US62553,62553,ZCTA5 62553,505,62,443
8600000US62554,62554,ZCTA5 62554,1635,131,1504
8600000US62555,62555,ZCTA5 62555,454,31,423
8600000US62556,62556,ZCTA5 62556,331,20,311
8600000US62557,62557,ZCTA5 62557,6897,902,5995
8600000US62558,62558,ZCTA5 62558,3570,539,3031
8600000US62560,62560,ZCTA5 62560,1048,108,940
8600000US62561,62561,ZCTA5 62561,5268,685,4583
8600000US62563,62563,ZCTA5 62563,5927,958,4969
8600000US62565,62565,ZCTA5 62565,7417,1143,6274
8600000US62567,62567,ZCTA5 62567,1127,92,1035
8600000US62568,62568,ZCTA5 62568,14779,1867,12912
8600000US62570,62570,ZCTA5 62570,483,60,423
8600000US62571,62571,ZCTA5 62571,1558,133,1425
8600000US62572,62572,ZCTA5 62572,491,41,450
8600000US62573,62573,ZCTA5 62573,1471,130,1341
8600000US62601,62601,ZCTA5 62601,518,31,487
8600000US62610,62610,ZCTA5 62610,251,25,226
8600000US62611,62611,ZCTA5 62611,1196,141,1055
8600000US62612,62612,ZCTA5 62612,1718,145,1573
8600000US62613,62613,ZCTA5 62613,3694,414,3280
8600000US62615,62615,ZCTA5 62615,5576,701,4875
8600000US62617,62617,ZCTA5 62617,721,56,665
8600000US62618,62618,ZCTA5 62618,7875,1181,6694
8600000US62621,62621,ZCTA5 62621,1291,97,1194
8600000US62622,62622,ZCTA5 62622,0,0,0
8600000US62624,62624,ZCTA5 62624,527,48,479
8600000US62625,62625,ZCTA5 62625,688,64,624
8600000US62626,62626,ZCTA5 62626,8290,998,7292
8600000US62627,62627,ZCTA5 62627,1068,171,897
8600000US62628,62628,ZCTA5 62628,782,85,697
8600000US62629,62629,ZCTA5 62629,13404,1967,11437
8600000US62630,62630,ZCTA5 62630,568,57,511
8600000US62631,62631,ZCTA5 62631,248,27,221
8600000US62633,62633,ZCTA5 62633,659,97,562
8600000US62634,62634,ZCTA5 62634,701,90,611
8600000US62635,62635,ZCTA5 62635,600,53,547
8600000US62638,62638,ZCTA5 62638,1306,119,1187
8600000US62639,62639,ZCTA5 62639,251,66,185
8600000US62640,62640,ZCTA5 62640,3691,524,3167
8600000US62642,62642,ZCTA5 62642,1605,154,1451
8600000US62643,62643,ZCTA5 62643,405,36,369
8600000US62644,62644,ZCTA5 62644,5089,853,4236
8600000US62649,62649,ZCTA5 62649,438,22,416
8600000US62650,62650,ZCTA5 62650,25451,3249,22202
8600000US62655,62655,ZCTA5 62655,631,95,536
8600000US62656,62656,ZCTA5 62656,16536,2100,14436
8600000US62661,62661,ZCTA5 62661,1258,236,1022
8600000US62663,62663,ZCTA5 62663,385,51,334
8600000US62664,62664,ZCTA5 62664,2982,421,2561
8600000US62665,62665,ZCTA5 62665,1559,179,1380
8600000US62666,62666,ZCTA5 62666,537,52,485
8600000US62667,62667,ZCTA5 62667,309,40,269
8600000US62668,62668,ZCTA5 62668,1460,180,1280
8600000US62670,62670,ZCTA5 62670,3396,321,3075
8600000US62671,62671,ZCTA5 62671,340,68,272
8600000US62672,62672,ZCTA5 62672,226,26,200
8600000US62673,62673,ZCTA5 62673,744,30,714
8600000US62674,62674,ZCTA5 62674,1413,214,1199
8600000US62675,62675,ZCTA5 62675,5938,582,5356
8600000US62677,62677,ZCTA5 62677,2481,429,2052
8600000US62681,62681,ZCTA5 62681,5564,696,4868
8600000US62682,62682,ZCTA5 62682,705,74,631
8600000US62684,62684,ZCTA5 62684,5579,782,4797
8600000US62685,62685,ZCTA5 62685,1756,160,1596
8600000US62688,62688,ZCTA5 62688,610,132,478
8600000US62689,62689,ZCTA5 62689,458,100,358
8600000US62690,62690,ZCTA5 62690,4103,887,3216
8600000US62691,62691,ZCTA5 62691,2032,367,1665
8600000US62692,62692,ZCTA5 62692,1867,159,1708
8600000US62693,62693,ZCTA5 62693,1755,286,1469
8600000US62694,62694,ZCTA5 62694,2832,296,2536
8600000US62695,62695,ZCTA5 62695,229,19,210
8600000US62701,62701,ZCTA5 62701,788,101,687
8600000US62702,62702,ZCTA5 62702,35333,5584,29749
8600000US62703,62703,ZCTA5 62703,30443,4416,26027
8600000US62704,62704,ZCTA5 62704,39920,5452,34468
8600000US62707,62707,ZCTA5 62707,7340,1296,6044
8600000US62711,62711,ZCTA5 62711,16410,2241,14169
8600000US62712,62712,ZCTA5 62712,10030,1549,8481
8600000US62801,62801,ZCTA5 62801,20524,2495,18029
8600000US62803,62803,ZCTA5 62803,936,92,844
8600000US62806,62806,ZCTA5 62806,3240,460,2780
8600000US62807,62807,ZCTA5 62807,1024,78,946
8600000US62808,62808,ZCTA5 62808,1529,104,1425
8600000US62809,62809,ZCTA5 62809,87,16,71
8600000US62810,62810,ZCTA5 62810,992,173,819
8600000US62811,62811,ZCTA5 62811,193,29,164
8600000US62812,62812,ZCTA5 62812,10970,1311,9659
8600000US62814,62814,ZCTA5 62814,1967,283,1684
8600000US62815,62815,ZCTA5 62815,402,84,318
8600000US62816,62816,ZCTA5 62816,1430,120,1310
8600000US62817,62817,ZCTA5 62817,685,62,623
8600000US62818,62818,ZCTA5 62818,297,61,236
8600000US62819,62819,ZCTA5 62819,517,55,462
8600000US62820,62820,ZCTA5 62820,180,45,135
8600000US62821,62821,ZCTA5 62821,7264,823,6441
8600000US62822,62822,ZCTA5 62822,3025,452,2573
8600000US62823,62823,ZCTA5 62823,1736,426,1310
8600000US62824,62824,ZCTA5 62824,1780,233,1547
8600000US62825,62825,ZCTA5 62825,178,12,166
8600000US62827,62827,ZCTA5 62827,1165,87,1078
8600000US62828,62828,ZCTA5 62828,1398,83,1315
8600000US62829,62829,ZCTA5 62829,57,0,57
8600000US62830,62830,ZCTA5 62830,1388,161,1227
8600000US62831,62831,ZCTA5 62831,538,44,494
8600000US62832,62832,ZCTA5 62832,8876,875,8001
8600000US62833,62833,ZCTA5 62833,252,40,212
8600000US62835,62835,ZCTA5 62835,1082,107,975
8600000US62836,62836,ZCTA5 62836,732,62,670
8600000US62837,62837,ZCTA5 62837,8951,1692,7259
8600000US62838,62838,ZCTA5 62838,2021,137,1884
8600000US62839,62839,ZCTA5 62839,6467,1306,5161
8600000US62841,62841,ZCTA5 62841,140,2,138
8600000US62842,62842,ZCTA5 62842,828,118,710
8600000US62843,62843,ZCTA5 62843,48,19,29
8600000US62844,62844,ZCTA5 62844,1955,343,1612
8600000US62846,62846,ZCTA5 62846,969,130,839
8600000US62848,62848,ZCTA5 62848,683,53,630
8600000US62849,62849,ZCTA5 62849,2316,218,2098
8600000US62850,62850,ZCTA5 62850,238,27,211
8600000US62851,62851,ZCTA5 62851,318,34,284
8600000US62852,62852,ZCTA5 62852,137,9,128
8600000US62853,62853,ZCTA5 62853,943,133,810
8600000US62854,62854,ZCTA5 62854,1776,184,1592
8600000US62856,62856,ZCTA5 62856,310,23,287
8600000US62858,62858,ZCTA5 62858,3169,472,2697
8600000US62859,62859,ZCTA5 62859,5444,544,4900
8600000US62860,62860,ZCTA5 62860,541,42,499
8600000US62861,62861,ZCTA5 62861,96,10,86
8600000US62862,62862,ZCTA5 62862,319,36,283
8600000US62863,62863,ZCTA5 62863,9813,1277,8536
8600000US62864,62864,ZCTA5 62864,23679,2501,21178
8600000US62865,62865,ZCTA5 62865,1989,174,1815
8600000US62867,62867,ZCTA5 62867,473,41,432
8600000US62868,62868,ZCTA5 62868,1566,273,1293
8600000US62869,62869,ZCTA5 62869,2887,204,2683
8600000US62870,62870,ZCTA5 62870,1764,139,1625
8600000US62871,62871,ZCTA5 62871,727,72,655
8600000US62872,62872,ZCTA5 62872,1264,71,1193
8600000US62874,62874,ZCTA5 62874,458,23,435
8600000US62875,62875,ZCTA5 62875,1173,149,1024
8600000US62876,62876,ZCTA5 62876,176,18,158
8600000US62877,62877,ZCTA5 62877,519,57,462
8600000US62878,62878,ZCTA5 62878,365,70,295
8600000US62879,62879,ZCTA5 62879,103,25,78
8600000US62880,62880,ZCTA5 62880,604,24,580
8600000US62881,62881,ZCTA5 62881,10923,1402,9521
8600000US62882,62882,ZCTA5 62882,2193,161,2032
8600000US62883,62883,ZCTA5 62883,813,81,732
8600000US62884,62884,ZCTA5 62884,2766,283,2483
8600000US62885,62885,ZCTA5 62885,1048,172,876
8600000US62886,62886,ZCTA5 62886,485,119,366
8600000US62887,62887,ZCTA5 62887,364,56,308
8600000US62888,62888,ZCTA5 62888,2210,251,1959
8600000US62889,62889,ZCTA5 62889,1006,64,942
8600000US62890,62890,ZCTA5 62890,2888,338,2550
8600000US62891,62891,ZCTA5 62891,610,16,594
8600000US62892,62892,ZCTA5 62892,306,29,277
8600000US62893,62893,ZCTA5 62893,798,87,711
8600000US62894,62894,ZCTA5 62894,912,83,829
8600000US62895,62895,ZCTA5 62895,2212,577,1635
8600000US62896,62896,ZCTA5 62896,12109,1544,10565
8600000US62897,62897,ZCTA5 62897,415,52,363
8600000US62898,62898,ZCTA5 62898,2090,250,1840
8600000US62899,62899,ZCTA5 62899,1598,235,1363
8600000US62901,62901,ZCTA5 62901,27162,1921,25241
8600000US62902,62902,ZCTA5 62902,4534,558,3976
8600000US62903,62903,ZCTA5 62903,2711,462,2249
8600000US62905,62905,ZCTA5 62905,829,71,758
8600000US62906,62906,ZCTA5 62906,6654,838,5816
8600000US62907,62907,ZCTA5 62907,2212,143,2069
8600000US62908,62908,ZCTA5 62908,497,31,466
8600000US62910,62910,ZCTA5 62910,2414,233,2181
8600000US62912,62912,ZCTA5 62912,1210,134,1076
8600000US62914,62914,ZCTA5 62914,2953,362,2591
8600000US62915,62915,ZCTA5 62915,362,5,357
8600000US62916,62916,ZCTA5 62916,868,96,772
8600000US62917,62917,ZCTA5 62917,2460,323,2137
8600000US62918,62918,ZCTA5 62918,9787,906,8881
8600000US62919,62919,ZCTA5 62919,990,156,834
8600000US62920,62920,ZCTA5 62920,3477,516,2961
8600000US62921,62921,ZCTA5 62921,550,39,511
8600000US62922,62922,ZCTA5 62922,3234,480,2754
8600000US62923,62923,ZCTA5 62923,510,27,483
8600000US62924,62924,ZCTA5 62924,2731,280,2451
8600000US62926,62926,ZCTA5 62926,2230,296,1934
8600000US62927,62927,ZCTA5 62927,242,23,219
8600000US62928,62928,ZCTA5 62928,189,23,166
8600000US62930,62930,ZCTA5 62930,6088,609,5479
8600000US62931,62931,ZCTA5 62931,1404,167,1237
8600000US62932,62932,ZCTA5 62932,1843,159,1684
8600000US62933,62933,ZCTA5 62933,1046,163,883
8600000US62934,62934,ZCTA5 62934,998,101,897
8600000US62935,62935,ZCTA5 62935,1507,115,1392
8600000US62938,62938,ZCTA5 62938,2807,359,2448
8600000US62939,62939,ZCTA5 62939,3219,392,2827
8600000US62940,62940,ZCTA5 62940,392,27,365
8600000US62941,62941,ZCTA5 62941,759,14,745
8600000US62942,62942,ZCTA5 62942,492,90,402
8600000US62943,62943,ZCTA5 62943,566,86,480
8600000US62946,62946,ZCTA5 62946,12919,1392,11527
8600000US62947,62947,ZCTA5 62947,525,39,486
8600000US62948,62948,ZCTA5 62948,12801,1454,11347
8600000US62949,62949,ZCTA5 62949,802,38,764
8600000US62950,62950,ZCTA5 62950,246,64,182
8600000US62951,62951,ZCTA5 62951,5522,502,5020
8600000US62952,62952,ZCTA5 62952,3214,252,2962
8600000US62953,62953,ZCTA5 62953,319,32,287
8600000US62954,62954,ZCTA5 62954,417,53,364
8600000US62956,62956,ZCTA5 62956,903,114,789
8600000US62957,62957,ZCTA5 62957,1085,121,964
8600000US62958,62958,ZCTA5 62958,2075,296,1779
8600000US62959,62959,ZCTA5 62959,25774,2955,22819
8600000US62960,62960,ZCTA5 62960,11512,1434,10078
8600000US62961,62961,ZCTA5 62961,48,11,37
8600000US62962,62962,ZCTA5 62962,87,0,87
8600000US62963,62963,ZCTA5 62963,603,53,550
8600000US62964,62964,ZCTA5 62964,1550,247,1303
8600000US62965,62965,ZCTA5 62965,90,24,66
8600000US62966,62966,ZCTA5 62966,15398,2119,13279
8600000US62967,62967,ZCTA5 62967,293,17,276
8600000US62969,62969,ZCTA5 62969,596,30,566
8600000US62970,62970,ZCTA5 62970,867,99,768
8600000US62972,62972,ZCTA5 62972,1023,138,885
8600000US62974,62974,ZCTA5 62974,1545,192,1353
8600000US62975,62975,ZCTA5 62975,373,84,289
8600000US62976,62976,ZCTA5 62976,396,114,282
8600000US62977,62977,ZCTA5 62977,595,96,499
8600000US62979,62979,ZCTA5 62979,1138,137,1001
8600000US62982,62982,ZCTA5 62982,1338,19,1319
8600000US62983,62983,ZCTA5 62983,1285,157,1128
8600000US62984,62984,ZCTA5 62984,1917,99,1818
8600000US62985,62985,ZCTA5 62985,992,117,875
8600000US62987,62987,ZCTA5 62987,1085,115,970
8600000US62988,62988,ZCTA5 62988,1696,137,1559
8600000US62990,62990,ZCTA5 62990,1079,50,1029
8600000US62992,62992,ZCTA5 62992,689,115,574
8600000US62994,62994,ZCTA5 62994,597,72,525
8600000US62995,62995,ZCTA5 62995,3593,497,3096
8600000US62996,62996,ZCTA5 62996,427,24,403
8600000US62997,62997,ZCTA5 62997,422,45,377
8600000US62998,62998,ZCTA5 62998,342,68,274
8600000US62999,62999,ZCTA5 62999,1829,229,1600
8600000US63673,63673,ZCTA5 63673,2078,195,1883
