GEO.id,GEO.id2,GEO.display-label,HD01_VD01,HD02_VD01
Id,Id2,Geography,Estimate; Median household income in the past 12 months (in 2014 Inflation-adjusted dollars),Margin of Error; Median household income in the past 12 months (in 2014 Inflation-adjusted dollars)
8600000US60002,60002,ZCTA5 60002,75928,3474
8600000US60004,60004,ZCTA5 60004,80760,2657
8600000US60005,60005,ZCTA5 60005,71352,3735
8600000US60007,60007,ZCTA5 60007,68559,3466
8600000US60008,60008,ZCTA5 60008,61645,3284
8600000US60010,60010,ZCTA5 60010,122789,5038
8600000US60012,60012,ZCTA5 60012,112461,9430
8600000US60013,60013,ZCTA5 60013,101051,4502
8600000US60014,60014,ZCTA5 60014,81537,2601
8600000US60015,60015,ZCTA5 60015,130140,6644
8600000US60016,60016,ZCTA5 60016,62194,2672
8600000US60018,60018,ZCTA5 60018,54817,2878
8600000US60020,60020,ZCTA5 60020,55431,7379
8600000US60021,60021,ZCTA5 60021,77986,24311
8600000US60022,60022,ZCTA5 60022,172539,24406
8600000US60025,60025,ZCTA5 60025,86417,3921
8600000US60026,60026,ZCTA5 60026,92230,17286
8600000US60029,60029,ZCTA5 60029,166667,11269
8600000US60030,60030,ZCTA5 60030,81055,4017
8600000US60031,60031,ZCTA5 60031,83500,4280
8600000US60033,60033,ZCTA5 60033,51732,4765
8600000US60034,60034,ZCTA5 60034,56000,10439
8600000US60035,60035,ZCTA5 60035,115372,7873
8600000US60040,60040,ZCTA5 60040,54176,5845
8600000US60041,60041,ZCTA5 60041,56583,10020
8600000US60042,60042,ZCTA5 60042,63792,6706
8600000US60043,60043,ZCTA5 60043,179922,50486
8600000US60044,60044,ZCTA5 60044,93849,5659
8600000US60045,60045,ZCTA5 60045,152658,10271
8600000US60046,60046,ZCTA5 60046,83104,4419
8600000US60047,60047,ZCTA5 60047,127561,4772
8600000US60048,60048,ZCTA5 60048,122704,8016
8600000US60050,60050,ZCTA5 60050,62942,3568
8600000US60051,60051,ZCTA5 60051,72418,4358
8600000US60053,60053,ZCTA5 60053,73939,5127
8600000US60056,60056,ZCTA5 60056,68874,2996
8600000US60060,60060,ZCTA5 60060,79283,4452
8600000US60061,60061,ZCTA5 60061,91426,6354
8600000US60062,60062,ZCTA5 60062,102594,5084
8600000US60064,60064,ZCTA5 60064,33009,3200
8600000US60067,60067,ZCTA5 60067,88349,6377
8600000US60068,60068,ZCTA5 60068,87626,4668
8600000US60069,60069,ZCTA5 60069,100833,9936
8600000US60070,60070,ZCTA5 60070,61756,5356
8600000US60071,60071,ZCTA5 60071,53511,6504
8600000US60072,60072,ZCTA5 60072,82500,15915
8600000US60073,60073,ZCTA5 60073,64393,2642
8600000US60074,60074,ZCTA5 60074,63214,2445
8600000US60076,60076,ZCTA5 60076,71677,3460
8600000US60077,60077,ZCTA5 60077,55198,5674
8600000US60081,60081,ZCTA5 60081,83750,7612
8600000US60083,60083,ZCTA5 60083,92094,5585
8600000US60084,60084,ZCTA5 60084,73473,4770
8600000US60085,60085,ZCTA5 60085,40907,1756
8600000US60087,60087,ZCTA5 60087,52220,3620
8600000US60088,60088,ZCTA5 60088,58500,11119
8600000US60089,60089,ZCTA5 60089,96804,2353
8600000US60090,60090,ZCTA5 60090,57543,3108
8600000US60091,60091,ZCTA5 60091,126471,8332
8600000US60093,60093,ZCTA5 60093,146696,18191
8600000US60096,60096,ZCTA5 60096,75255,7219
8600000US60097,60097,ZCTA5 60097,69611,6507
8600000US60098,60098,ZCTA5 60098,61140,4738
8600000US60099,60099,ZCTA5 60099,55098,3605
8600000US60101,60101,ZCTA5 60101,54726,5366
8600000US60102,60102,ZCTA5 60102,96568,7014
8600000US60103,60103,ZCTA5 60103,95350,5856
8600000US60104,60104,ZCTA5 60104,50667,4393
8600000US60106,60106,ZCTA5 60106,60584,3155
8600000US60107,60107,ZCTA5 60107,73081,4033
8600000US60108,60108,ZCTA5 60108,71695,5610
8600000US60109,60109,ZCTA5 60109,61000,17447
8600000US60110,60110,ZCTA5 60110,57919,3940
8600000US60111,60111,ZCTA5 60111,73095,16193
8600000US60112,60112,ZCTA5 60112,67219,12073
8600000US60113,60113,ZCTA5 60113,50729,12348
8600000US60115,60115,ZCTA5 60115,38583,3529
8600000US60118,60118,ZCTA5 60118,77329,6377
8600000US60119,60119,ZCTA5 60119,88924,12014
8600000US60120,60120,ZCTA5 60120,53031,3375
8600000US60123,60123,ZCTA5 60123,55143,4506
8600000US60124,60124,ZCTA5 60124,104034,10594
8600000US60126,60126,ZCTA5 60126,94148,3684
8600000US60129,60129,ZCTA5 60129,85250,32508
8600000US60130,60130,ZCTA5 60130,50749,3791
8600000US60131,60131,ZCTA5 60131,57269,4879
8600000US60133,60133,ZCTA5 60133,66593,3318
8600000US60134,60134,ZCTA5 60134,101437,5727
8600000US60135,60135,ZCTA5 60135,57451,5910
8600000US60136,60136,ZCTA5 60136,109489,21789
8600000US60137,60137,ZCTA5 60137,91017,5360
8600000US60139,60139,ZCTA5 60139,60896,4407
8600000US60140,60140,ZCTA5 60140,79141,8873
8600000US60141,60141,ZCTA5 60141,-,**
8600000US60142,60142,ZCTA5 60142,80745,9375
8600000US60143,60143,ZCTA5 60143,77386,4920
8600000US60144,60144,ZCTA5 60144,64250,18512
8600000US60145,60145,ZCTA5 60145,82228,9696
8600000US60146,60146,ZCTA5 60146,56167,8728
8600000US60148,60148,ZCTA5 60148,72177,2493
8600000US60150,60150,ZCTA5 60150,55250,6984
8600000US60151,60151,ZCTA5 60151,63008,9556
8600000US60152,60152,ZCTA5 60152,64720,9586
8600000US60153,60153,ZCTA5 60153,43809,4568
8600000US60154,60154,ZCTA5 60154,67843,4769
8600000US60155,60155,ZCTA5 60155,53500,6376
8600000US60156,60156,ZCTA5 60156,83149,4707
8600000US60157,60157,ZCTA5 60157,85260,10344
8600000US60160,60160,ZCTA5 60160,45548,2498
8600000US60162,60162,ZCTA5 60162,52335,5991
8600000US60163,60163,ZCTA5 60163,64914,9955
8600000US60164,60164,ZCTA5 60164,59122,3284
8600000US60165,60165,ZCTA5 60165,37222,6505
8600000US60169,60169,ZCTA5 60169,70208,2706
8600000US60171,60171,ZCTA5 60171,44911,4034
8600000US60172,60172,ZCTA5 60172,77453,3825
8600000US60173,60173,ZCTA5 60173,68017,5286
8600000US60174,60174,ZCTA5 60174,79289,4791
8600000US60175,60175,ZCTA5 60175,123900,9030
8600000US60176,60176,ZCTA5 60176,45646,3000
8600000US60177,60177,ZCTA5 60177,86527,4311
8600000US60178,60178,ZCTA5 60178,64513,4412
8600000US60180,60180,ZCTA5 60180,46250,26188
8600000US60181,60181,ZCTA5 60181,68356,4194
8600000US60184,60184,ZCTA5 60184,149286,23316
8600000US60185,60185,ZCTA5 60185,72573,3635
8600000US60187,60187,ZCTA5 60187,86526,5574
8600000US60188,60188,ZCTA5 60188,76089,3350
8600000US60189,60189,ZCTA5 60189,89290,4708
8600000US60190,60190,ZCTA5 60190,98027,7133
8600000US60191,60191,ZCTA5 60191,62065,3313
8600000US60192,60192,ZCTA5 60192,118434,7377
8600000US60193,60193,ZCTA5 60193,75893,2517
8600000US60194,60194,ZCTA5 60194,71393,6424
8600000US60195,60195,ZCTA5 60195,67488,14404
8600000US60201,60201,ZCTA5 60201,67570,5186
8600000US60202,60202,ZCTA5 60202,70705,3990
8600000US60203,60203,ZCTA5 60203,105357,19838
8600000US60301,60301,ZCTA5 60301,68278,16112
8600000US60302,60302,ZCTA5 60302,75019,4221
8600000US60304,60304,ZCTA5 60304,86438,6335
8600000US60305,60305,ZCTA5 60305,108563,24448
8600000US60401,60401,ZCTA5 60401,60357,6104
8600000US60402,60402,ZCTA5 60402,53129,2504
8600000US60403,60403,ZCTA5 60403,48382,4844
8600000US60404,60404,ZCTA5 60404,90354,5694
8600000US60406,60406,ZCTA5 60406,38678,3514
8600000US60407,60407,ZCTA5 60407,53438,6061
8600000US60408,60408,ZCTA5 60408,60944,7732
8600000US60409,60409,ZCTA5 60409,39484,3672
8600000US60410,60410,ZCTA5 60410,89663,4348
8600000US60411,60411,ZCTA5 60411,41826,1733
8600000US60415,60415,ZCTA5 60415,47037,3123
8600000US60416,60416,ZCTA5 60416,62500,7045
8600000US60417,60417,ZCTA5 60417,68491,7216
8600000US60419,60419,ZCTA5 60419,46231,2614
8600000US60420,60420,ZCTA5 60420,61266,3686
8600000US60421,60421,ZCTA5 60421,72100,6643
8600000US60422,60422,ZCTA5 60422,98708,12840
8600000US60423,60423,ZCTA5 60423,95520,5375
8600000US60424,60424,ZCTA5 60424,59250,6931
8600000US60425,60425,ZCTA5 60425,52243,4303
8600000US60426,60426,ZCTA5 60426,26133,2427
8600000US60428,60428,ZCTA5 60428,34664,4451
8600000US60429,60429,ZCTA5 60429,48668,5188
8600000US60430,60430,ZCTA5 60430,69680,4045
8600000US60431,60431,ZCTA5 60431,80338,5126
8600000US60432,60432,ZCTA5 60432,36487,2922
8600000US60433,60433,ZCTA5 60433,44522,2782
8600000US60435,60435,ZCTA5 60435,53650,2055
8600000US60436,60436,ZCTA5 60436,46759,3075
8600000US60437,60437,ZCTA5 60437,37500,19622
8600000US60438,60438,ZCTA5 60438,49836,3998
8600000US60439,60439,ZCTA5 60439,90264,4984
8600000US60440,60440,ZCTA5 60440,69042,3700
8600000US60441,60441,ZCTA5 60441,73161,2899
8600000US60442,60442,ZCTA5 60442,77500,7232
8600000US60443,60443,ZCTA5 60443,61238,6286
8600000US60444,60444,ZCTA5 60444,69571,3894
8600000US60445,60445,ZCTA5 60445,59613,3661
8600000US60446,60446,ZCTA5 60446,66598,3771
8600000US60447,60447,ZCTA5 60447,82123,8266
8600000US60448,60448,ZCTA5 60448,96105,6752
8600000US60449,60449,ZCTA5 60449,78324,7619
8600000US60450,60450,ZCTA5 60450,61571,5236
8600000US60451,60451,ZCTA5 60451,93421,4568
8600000US60452,60452,ZCTA5 60452,70310,7110
8600000US60453,60453,ZCTA5 60453,57410,2757
8600000US60455,60455,ZCTA5 60455,51169,5154
8600000US60456,60456,ZCTA5 60456,48750,8102
8600000US60457,60457,ZCTA5 60457,57880,5365
8600000US60458,60458,ZCTA5 60458,51541,3270
8600000US60459,60459,ZCTA5 60459,56988,5609
8600000US60460,60460,ZCTA5 60460,54828,5593
8600000US60461,60461,ZCTA5 60461,91005,5560
8600000US60462,60462,ZCTA5 60462,78362,2866
8600000US60463,60463,ZCTA5 60463,76745,5054
8600000US60464,60464,ZCTA5 60464,72430,7848
8600000US60465,60465,ZCTA5 60465,53892,4049
8600000US60466,60466,ZCTA5 60466,48644,4900
8600000US60467,60467,ZCTA5 60467,90143,8301
8600000US60468,60468,ZCTA5 60468,74271,9664
8600000US60469,60469,ZCTA5 60469,41496,9608
8600000US60470,60470,ZCTA5 60470,57679,11687
8600000US60471,60471,ZCTA5 60471,54653,7913
8600000US60472,60472,ZCTA5 60472,22781,4673
8600000US60473,60473,ZCTA5 60473,65419,2972
8600000US60474,60474,ZCTA5 60474,58542,13832
8600000US60475,60475,ZCTA5 60475,41526,3160
8600000US60476,60476,ZCTA5 60476,46932,7654
8600000US60477,60477,ZCTA5 60477,68397,3937
8600000US60478,60478,ZCTA5 60478,60148,4931
8600000US60479,60479,ZCTA5 60479,76500,16078
8600000US60480,60480,ZCTA5 60480,71968,15439
8600000US60481,60481,ZCTA5 60481,58821,4885
8600000US60482,60482,ZCTA5 60482,50493,3347
8600000US60484,60484,ZCTA5 60484,47028,4134
8600000US60487,60487,ZCTA5 60487,91932,7560
8600000US60490,60490,ZCTA5 60490,107585,6969
8600000US60491,60491,ZCTA5 60491,91624,4171
8600000US60501,60501,ZCTA5 60501,48395,4161
8600000US60502,60502,ZCTA5 60502,105729,4301
8600000US60503,60503,ZCTA5 60503,112873,12145
8600000US60504,60504,ZCTA5 60504,71957,5676
8600000US60505,60505,ZCTA5 60505,42405,2219
8600000US60506,60506,ZCTA5 60506,56582,3483
8600000US60510,60510,ZCTA5 60510,92256,4126
8600000US60511,60511,ZCTA5 60511,67083,14452
8600000US60512,60512,ZCTA5 60512,63750,28244
8600000US60513,60513,ZCTA5 60513,76819,4738
8600000US60514,60514,ZCTA5 60514,98500,14664
8600000US60515,60515,ZCTA5 60515,81393,3383
8600000US60516,60516,ZCTA5 60516,87422,9737
8600000US60517,60517,ZCTA5 60517,77293,3692
8600000US60518,60518,ZCTA5 60518,51224,3660
8600000US60519,60519,ZCTA5 60519,-,**
8600000US60520,60520,ZCTA5 60520,60848,3049
8600000US60521,60521,ZCTA5 60521,157212,17262
8600000US60523,60523,ZCTA5 60523,101184,10977
8600000US60525,60525,ZCTA5 60525,72993,4995
8600000US60526,60526,ZCTA5 60526,69974,8749
8600000US60527,60527,ZCTA5 60527,75863,5221
8600000US60530,60530,ZCTA5 60530,56667,15382
8600000US60531,60531,ZCTA5 60531,62768,5906
8600000US60532,60532,ZCTA5 60532,71962,5813
8600000US60534,60534,ZCTA5 60534,51000,7138
8600000US60536,60536,ZCTA5 60536,76875,23337
8600000US60537,60537,ZCTA5 60537,64821,11187
8600000US60538,60538,ZCTA5 60538,71707,4293
8600000US60539,60539,ZCTA5 60539,-,**
8600000US60540,60540,ZCTA5 60540,102623,2608
8600000US60541,60541,ZCTA5 60541,79625,9626
8600000US60542,60542,ZCTA5 60542,81916,3288
8600000US60543,60543,ZCTA5 60543,94131,5878
8600000US60544,60544,ZCTA5 60544,69684,5886
8600000US60545,60545,ZCTA5 60545,57266,9826
8600000US60546,60546,ZCTA5 60546,70270,6983
8600000US60548,60548,ZCTA5 60548,58841,3616
8600000US60549,60549,ZCTA5 60549,60875,63247
8600000US60550,60550,ZCTA5 60550,52000,10440
8600000US60551,60551,ZCTA5 60551,70369,6972
8600000US60552,60552,ZCTA5 60552,72481,8424
8600000US60553,60553,ZCTA5 60553,62679,11737
8600000US60554,60554,ZCTA5 60554,107992,8490
8600000US60555,60555,ZCTA5 60555,78372,7480
8600000US60556,60556,ZCTA5 60556,68854,9602
8600000US60557,60557,ZCTA5 60557,-,**
8600000US60558,60558,ZCTA5 60558,140361,9362
8600000US60559,60559,ZCTA5 60559,60901,2991
8600000US60560,60560,ZCTA5 60560,86546,7118
8600000US60561,60561,ZCTA5 60561,81408,4520
8600000US60563,60563,ZCTA5 60563,80674,4168
8600000US60564,60564,ZCTA5 60564,142508,8419
8600000US60565,60565,ZCTA5 60565,115931,5055
8600000US60585,60585,ZCTA5 60585,125449,7752
8600000US60586,60586,ZCTA5 60586,89049,3203
8600000US60601,60601,ZCTA5 60601,101250,13802
8600000US60602,60602,ZCTA5 60602,73971,40337
8600000US60603,60603,ZCTA5 60603,111125,54212
8600000US60604,60604,ZCTA5 60604,155750,92869
8600000US60605,60605,ZCTA5 60605,82777,8720
8600000US60606,60606,ZCTA5 60606,107819,15703
8600000US60607,60607,ZCTA5 60607,81042,3718
8600000US60608,60608,ZCTA5 60608,35112,1611
8600000US60609,60609,ZCTA5 60609,32379,1618
8600000US60610,60610,ZCTA5 60610,75700,3485
8600000US60611,60611,ZCTA5 60611,85074,9541
8600000US60612,60612,ZCTA5 60612,34614,2940
8600000US60613,60613,ZCTA5 60613,69032,3885
8600000US60614,60614,ZCTA5 60614,88256,4056
8600000US60615,60615,ZCTA5 60615,40196,2056
8600000US60616,60616,ZCTA5 60616,43554,2496
8600000US60617,60617,ZCTA5 60617,38825,1791
8600000US60618,60618,ZCTA5 60618,56763,2049
8600000US60619,60619,ZCTA5 60619,34153,1703
8600000US60620,60620,ZCTA5 60620,32557,1817
8600000US60621,60621,ZCTA5 60621,19190,1476
8600000US60622,60622,ZCTA5 60622,71019,2343
8600000US60623,60623,ZCTA5 60623,29075,1397
8600000US60624,60624,ZCTA5 60624,22835,1770
8600000US60625,60625,ZCTA5 60625,57252,2882
8600000US60626,60626,ZCTA5 60626,37109,1867
8600000US60628,60628,ZCTA5 60628,37038,1960
8600000US60629,60629,ZCTA5 60629,40095,1375
8600000US60630,60630,ZCTA5 60630,62859,4295
8600000US60631,60631,ZCTA5 60631,74186,6237
8600000US60632,60632,ZCTA5 60632,38196,1128
8600000US60633,60633,ZCTA5 60633,43452,4921
8600000US60634,60634,ZCTA5 60634,55324,2257
8600000US60636,60636,ZCTA5 60636,27080,1620
8600000US60637,60637,ZCTA5 60637,26997,905
8600000US60638,60638,ZCTA5 60638,62927,1943
8600000US60639,60639,ZCTA5 60639,38686,1349
8600000US60640,60640,ZCTA5 60640,46423,2328
8600000US60641,60641,ZCTA5 60641,48786,1976
8600000US60642,60642,ZCTA5 60642,70188,6296
8600000US60643,60643,ZCTA5 60643,60315,3300
8600000US60644,60644,ZCTA5 60644,26299,1561
8600000US60645,60645,ZCTA5 60645,48877,2210
8600000US60646,60646,ZCTA5 60646,72086,6184
8600000US60647,60647,ZCTA5 60647,54400,1923
8600000US60649,60649,ZCTA5 60649,27723,2195
8600000US60651,60651,ZCTA5 60651,32494,1843
8600000US60652,60652,ZCTA5 60652,63905,3278
8600000US60653,60653,ZCTA5 60653,25343,2153
8600000US60654,60654,ZCTA5 60654,92106,6776
8600000US60655,60655,ZCTA5 60655,86598,3190
8600000US60656,60656,ZCTA5 60656,55831,3153
8600000US60657,60657,ZCTA5 60657,78796,3411
8600000US60659,60659,ZCTA5 60659,50237,4742
8600000US60660,60660,ZCTA5 60660,40835,1591
8600000US60661,60661,ZCTA5 60661,92521,10561
8600000US60706,60706,ZCTA5 60706,51420,4249
8600000US60707,60707,ZCTA5 60707,53394,5014
8600000US60712,60712,ZCTA5 60712,95680,7200
8600000US60714,60714,ZCTA5 60714,48543,3959
8600000US60803,60803,ZCTA5 60803,51553,3579
8600000US60804,60804,ZCTA5 60804,41882,2013
8600000US60805,60805,ZCTA5 60805,65744,3841
8600000US60827,60827,ZCTA5 60827,32747,3285
8600000US60901,60901,ZCTA5 60901,40325,2283
8600000US60910,60910,ZCTA5 60910,47500,12386
8600000US60911,60911,ZCTA5 60911,59943,12712
8600000US60912,60912,ZCTA5 60912,40000,8407
8600000US60913,60913,ZCTA5 60913,59693,6974
8600000US60914,60914,ZCTA5 60914,63152,3404
8600000US60915,60915,ZCTA5 60915,48066,4284
8600000US60917,60917,ZCTA5 60917,64792,23507
8600000US60918,60918,ZCTA5 60918,56761,8456
8600000US60919,60919,ZCTA5 60919,45000,24515
8600000US60920,60920,ZCTA5 60920,48393,6530
8600000US60921,60921,ZCTA5 60921,31065,6310
8600000US60922,60922,ZCTA5 60922,56953,13552
8600000US60924,60924,ZCTA5 60924,50147,5598
8600000US60926,60926,ZCTA5 60926,26786,15910
8600000US60927,60927,ZCTA5 60927,60227,10919
8600000US60928,60928,ZCTA5 60928,46023,4200
8600000US60929,60929,ZCTA5 60929,51452,6954
8600000US60930,60930,ZCTA5 60930,43409,2757
8600000US60931,60931,ZCTA5 60931,48750,18215
8600000US60932,60932,ZCTA5 60932,-,**
8600000US60933,60933,ZCTA5 60933,54219,7132
8600000US60934,60934,ZCTA5 60934,52333,6732
8600000US60935,60935,ZCTA5 60935,75926,7687
8600000US60936,60936,ZCTA5 60936,43317,7279
8600000US60938,60938,ZCTA5 60938,45809,7132
8600000US60940,60940,ZCTA5 60940,69329,7331
8600000US60941,60941,ZCTA5 60941,62083,13408
8600000US60942,60942,ZCTA5 60942,39784,4006
8600000US60945,60945,ZCTA5 60945,43333,7822
8600000US60946,60946,ZCTA5 60946,61750,21499
8600000US60948,60948,ZCTA5 60948,64779,17918
8600000US60949,60949,ZCTA5 60949,34966,13407
8600000US60950,60950,ZCTA5 60950,62479,7438
8600000US60951,60951,ZCTA5 60951,63571,11193
8600000US60952,60952,ZCTA5 60952,42813,9126
8600000US60953,60953,ZCTA5 60953,51167,9580
8600000US60954,60954,ZCTA5 60954,53250,9966
8600000US60955,60955,ZCTA5 60955,46970,3177
8600000US60957,60957,ZCTA5 60957,49805,2648
8600000US60958,60958,ZCTA5 60958,25466,4441
8600000US60959,60959,ZCTA5 60959,52750,17882
8600000US60960,60960,ZCTA5 60960,46765,18834
8600000US60961,60961,ZCTA5 60961,56964,12528
8600000US60962,60962,ZCTA5 60962,41786,13245
8600000US60963,60963,ZCTA5 60963,46438,3740
8600000US60964,60964,ZCTA5 60964,56497,2868
8600000US60966,60966,ZCTA5 60966,38021,5310
8600000US60968,60968,ZCTA5 60968,76136,35937
8600000US60969,60969,ZCTA5 60969,120625,28367
8600000US60970,60970,ZCTA5 60970,40463,4450
8600000US60973,60973,ZCTA5 60973,55030,21363
8600000US60974,60974,ZCTA5 60974,39306,11316
8600000US61001,61001,ZCTA5 61001,50481,6828
8600000US61006,61006,ZCTA5 61006,54541,13390
8600000US61007,61007,ZCTA5 61007,61563,21442
8600000US61008,61008,ZCTA5 61008,56746,4739
8600000US61010,61010,ZCTA5 61010,71458,6005
8600000US61011,61011,ZCTA5 61011,87589,16748
8600000US61012,61012,ZCTA5 61012,53042,4764
8600000US61013,61013,ZCTA5 61013,54844,18139
8600000US61014,61014,ZCTA5 61014,55438,8582
8600000US61015,61015,ZCTA5 61015,39423,17643
8600000US61016,61016,ZCTA5 61016,62734,15900
8600000US61018,61018,ZCTA5 61018,64327,14541
8600000US61019,61019,ZCTA5 61019,61184,9632
8600000US61020,61020,ZCTA5 61020,63917,6063
8600000US61021,61021,ZCTA5 61021,53227,3759
8600000US61024,61024,ZCTA5 61024,58194,15860
8600000US61025,61025,ZCTA5 61025,61801,7264
8600000US61027,61027,ZCTA5 61027,-,**
8600000US61028,61028,ZCTA5 61028,46217,5700
8600000US61030,61030,ZCTA5 61030,49527,3340
8600000US61031,61031,ZCTA5 61031,46563,5584
8600000US61032,61032,ZCTA5 61032,40810,2277
8600000US61036,61036,ZCTA5 61036,56520,6244
8600000US61037,61037,ZCTA5 61037,97375,36245
8600000US61038,61038,ZCTA5 61038,47019,35758
8600000US61039,61039,ZCTA5 61039,52321,12846
8600000US61041,61041,ZCTA5 61041,48750,5654
8600000US61042,61042,ZCTA5 61042,50833,8248
8600000US61043,61043,ZCTA5 61043,54167,17740
8600000US61044,61044,ZCTA5 61044,77938,29061
8600000US61046,61046,ZCTA5 61046,56349,2079
8600000US61047,61047,ZCTA5 61047,54554,4369
8600000US61048,61048,ZCTA5 61048,53359,7250
8600000US61049,61049,ZCTA5 61049,61806,13853
8600000US61050,61050,ZCTA5 61050,45250,23172
8600000US61051,61051,ZCTA5 61051,51667,15871
8600000US61052,61052,ZCTA5 61052,60658,12924
8600000US61053,61053,ZCTA5 61053,46473,7327
8600000US61054,61054,ZCTA5 61054,39543,12108
8600000US61057,61057,ZCTA5 61057,74286,68226
8600000US61059,61059,ZCTA5 61059,19643,13547
8600000US61060,61060,ZCTA5 61060,49716,8551
8600000US61061,61061,ZCTA5 61061,52531,6302
8600000US61062,61062,ZCTA5 61062,64183,10595
8600000US61063,61063,ZCTA5 61063,57415,10256
8600000US61064,61064,ZCTA5 61064,51528,6441
8600000US61065,61065,ZCTA5 61065,62111,15470
8600000US61067,61067,ZCTA5 61067,43389,5613
8600000US61068,61068,ZCTA5 61068,48239,3381
8600000US61070,61070,ZCTA5 61070,58611,19198
8600000US61071,61071,ZCTA5 61071,39858,2808
8600000US61072,61072,ZCTA5 61072,72903,3087
8600000US61073,61073,ZCTA5 61073,77705,4396
8600000US61074,61074,ZCTA5 61074,44347,7357
8600000US61075,61075,ZCTA5 61075,55000,3307
8600000US61077,61077,ZCTA5 61077,-,**
8600000US61078,61078,ZCTA5 61078,46250,9401
8600000US61079,61079,ZCTA5 61079,41375,17357
8600000US61080,61080,ZCTA5 61080,58096,5073
8600000US61081,61081,ZCTA5 61081,49020,3281
8600000US61084,61084,ZCTA5 61084,85813,14297
8600000US61085,61085,ZCTA5 61085,41628,5767
8600000US61087,61087,ZCTA5 61087,46103,7497
8600000US61088,61088,ZCTA5 61088,77121,7995
8600000US61089,61089,ZCTA5 61089,58269,11178
8600000US61091,61091,ZCTA5 61091,67663,53962
8600000US61101,61101,ZCTA5 61101,30491,2709
8600000US61102,61102,ZCTA5 61102,34886,3011
8600000US61103,61103,ZCTA5 61103,36051,2135
8600000US61104,61104,ZCTA5 61104,24048,3075
8600000US61107,61107,ZCTA5 61107,56470,2579
8600000US61108,61108,ZCTA5 61108,45993,2832
8600000US61109,61109,ZCTA5 61109,41522,2556
8600000US61111,61111,ZCTA5 61111,50709,2567
8600000US61112,61112,ZCTA5 61112,24554,90481
8600000US61114,61114,ZCTA5 61114,67382,6138
8600000US61115,61115,ZCTA5 61115,53984,2287
8600000US61201,61201,ZCTA5 61201,40685,1615
8600000US61230,61230,ZCTA5 61230,56563,7121
8600000US61231,61231,ZCTA5 61231,45196,3814
8600000US61232,61232,ZCTA5 61232,70739,7757
8600000US61234,61234,ZCTA5 61234,52734,8269
8600000US61235,61235,ZCTA5 61235,46518,9033
8600000US61236,61236,ZCTA5 61236,36250,21680
8600000US61238,61238,ZCTA5 61238,58469,4852
8600000US61239,61239,ZCTA5 61239,27026,3152
8600000US61240,61240,ZCTA5 61240,75588,8849
8600000US61241,61241,ZCTA5 61241,54817,6439
8600000US61242,61242,ZCTA5 61242,64667,5767
8600000US61243,61243,ZCTA5 61243,49375,21767
8600000US61244,61244,ZCTA5 61244,41700,2374
8600000US61250,61250,ZCTA5 61250,57396,5193
8600000US61251,61251,ZCTA5 61251,63125,12558
8600000US61252,61252,ZCTA5 61252,56866,6633
8600000US61254,61254,ZCTA5 61254,65617,6415
8600000US61256,61256,ZCTA5 61256,69833,5257
8600000US61257,61257,ZCTA5 61257,51328,10304
8600000US61258,61258,ZCTA5 61258,50875,8951
8600000US61259,61259,ZCTA5 61259,64300,13662
8600000US61260,61260,ZCTA5 61260,62917,7692
8600000US61261,61261,ZCTA5 61261,53095,2688
8600000US61262,61262,ZCTA5 61262,56328,15872
8600000US61263,61263,ZCTA5 61263,52875,15192
8600000US61264,61264,ZCTA5 61264,49029,3443
8600000US61265,61265,ZCTA5 61265,50388,2320
8600000US61270,61270,ZCTA5 61270,55161,3912
8600000US61272,61272,ZCTA5 61272,58043,12365
8600000US61273,61273,ZCTA5 61273,67102,5031
8600000US61274,61274,ZCTA5 61274,88026,18454
8600000US61275,61275,ZCTA5 61275,74174,7661
8600000US61276,61276,ZCTA5 61276,50000,108434
8600000US61277,61277,ZCTA5 61277,48750,7639
8600000US61278,61278,ZCTA5 61278,84444,16582
8600000US61279,61279,ZCTA5 61279,59844,10432
8600000US61281,61281,ZCTA5 61281,63852,7253
8600000US61282,61282,ZCTA5 61282,44995,4937
8600000US61283,61283,ZCTA5 61283,42917,14014
8600000US61284,61284,ZCTA5 61284,66534,20107
8600000US61285,61285,ZCTA5 61285,45909,12096
8600000US61301,61301,ZCTA5 61301,44766,7485
8600000US61310,61310,ZCTA5 61310,45677,7455
8600000US61311,61311,ZCTA5 61311,58750,26232
8600000US61312,61312,ZCTA5 61312,56354,9971
8600000US61313,61313,ZCTA5 61313,60417,54562
8600000US61314,61314,ZCTA5 61314,57955,7794
8600000US61315,61315,ZCTA5 61315,46250,18718
8600000US61316,61316,ZCTA5 61316,53750,11374
8600000US61317,61317,ZCTA5 61317,51250,11024
8600000US61318,61318,ZCTA5 61318,52019,11086
8600000US61319,61319,ZCTA5 61319,64500,9360
8600000US61320,61320,ZCTA5 61320,54732,9029
8600000US61321,61321,ZCTA5 61321,56875,53408
8600000US61322,61322,ZCTA5 61322,37981,6841
8600000US61323,61323,ZCTA5 61323,31429,11628
8600000US61324,61324,ZCTA5 61324,37250,31961
8600000US61325,61325,ZCTA5 61325,61823,8301
8600000US61326,61326,ZCTA5 61326,46898,5531
8600000US61327,61327,ZCTA5 61327,57679,9774
8600000US61328,61328,ZCTA5 61328,-,**
8600000US61329,61329,ZCTA5 61329,56319,4727
8600000US61330,61330,ZCTA5 61330,60568,7931
8600000US61331,61331,ZCTA5 61331,-,**
8600000US61332,61332,ZCTA5 61332,44219,8723
8600000US61333,61333,ZCTA5 61333,50556,10069
8600000US61334,61334,ZCTA5 61334,63750,14811
8600000US61335,61335,ZCTA5 61335,71429,17599
8600000US61336,61336,ZCTA5 61336,76563,48537
8600000US61337,61337,ZCTA5 61337,40714,10597
8600000US61338,61338,ZCTA5 61338,40313,16430
8600000US61340,61340,ZCTA5 61340,69375,30913
8600000US61341,61341,ZCTA5 61341,47917,5485
8600000US61342,61342,ZCTA5 61342,48556,5836
8600000US61344,61344,ZCTA5 61344,35938,4297
8600000US61345,61345,ZCTA5 61345,56000,9268
8600000US61346,61346,ZCTA5 61346,45833,11497
8600000US61348,61348,ZCTA5 61348,53722,7648
8600000US61349,61349,ZCTA5 61349,54167,12255
8600000US61350,61350,ZCTA5 61350,52223,3222
8600000US61353,61353,ZCTA5 61353,55119,5097
8600000US61354,61354,ZCTA5 61354,48640,5067
8600000US61356,61356,ZCTA5 61356,48440,4058
8600000US61358,61358,ZCTA5 61358,50909,11711
8600000US61359,61359,ZCTA5 61359,54583,8732
8600000US61360,61360,ZCTA5 61360,65027,9016
8600000US61361,61361,ZCTA5 61361,45114,7379
8600000US61362,61362,ZCTA5 61362,46859,6466
8600000US61363,61363,ZCTA5 61363,41146,4297
8600000US61364,61364,ZCTA5 61364,43833,2206
8600000US61367,61367,ZCTA5 61367,48077,19914
8600000US61368,61368,ZCTA5 61368,57727,9959
8600000US61369,61369,ZCTA5 61369,46522,6897
8600000US61370,61370,ZCTA5 61370,52000,7125
8600000US61372,61372,ZCTA5 61372,53000,15827
8600000US61373,61373,ZCTA5 61373,61992,5484
8600000US61374,61374,ZCTA5 61374,60833,27057
8600000US61375,61375,ZCTA5 61375,54133,3923
8600000US61376,61376,ZCTA5 61376,58700,9531
8600000US61377,61377,ZCTA5 61377,50714,13736
8600000US61378,61378,ZCTA5 61378,33750,27203
8600000US61379,61379,ZCTA5 61379,45357,12939
8600000US61401,61401,ZCTA5 61401,34824,1781
8600000US61410,61410,ZCTA5 61410,40632,3875
8600000US61411,61411,ZCTA5 61411,53750,17995
8600000US61412,61412,ZCTA5 61412,47379,6295
8600000US61413,61413,ZCTA5 61413,51875,2986
8600000US61414,61414,ZCTA5 61414,46250,6615
8600000US61415,61415,ZCTA5 61415,54118,7906
8600000US61416,61416,ZCTA5 61416,27417,5061
8600000US61417,61417,ZCTA5 61417,39000,16536
8600000US61418,61418,ZCTA5 61418,61184,23164
8600000US61419,61419,ZCTA5 61419,64583,19604
8600000US61420,61420,ZCTA5 61420,55240,7053
8600000US61421,61421,ZCTA5 61421,49722,7623
8600000US61422,61422,ZCTA5 61422,35733,5265
8600000US61423,61423,ZCTA5 61423,54961,27686
8600000US61424,61424,ZCTA5 61424,73125,45855
8600000US61425,61425,ZCTA5 61425,105217,99707
8600000US61426,61426,ZCTA5 61426,68083,12597
8600000US61427,61427,ZCTA5 61427,47554,8876
8600000US61428,61428,ZCTA5 61428,66250,8394
8600000US61430,61430,ZCTA5 61430,49625,8889
8600000US61431,61431,ZCTA5 61431,40417,21669
8600000US61432,61432,ZCTA5 61432,52500,7109
8600000US61433,61433,ZCTA5 61433,-,**
8600000US61434,61434,ZCTA5 61434,38977,7000
8600000US61435,61435,ZCTA5 61435,59318,32623
8600000US61436,61436,ZCTA5 61436,47083,15111
8600000US61437,61437,ZCTA5 61437,56071,14609
8600000US61438,61438,ZCTA5 61438,66042,9537
8600000US61439,61439,ZCTA5 61439,48542,13761
8600000US61440,61440,ZCTA5 61440,54850,3582
8600000US61441,61441,ZCTA5 61441,51838,7143
8600000US61442,61442,ZCTA5 61442,29500,13549
8600000US61443,61443,ZCTA5 61443,39141,2899
8600000US61447,61447,ZCTA5 61447,49583,15595
8600000US61448,61448,ZCTA5 61448,51053,4599
8600000US61449,61449,ZCTA5 61449,32019,8940
8600000US61450,61450,ZCTA5 61450,41563,9269
8600000US61451,61451,ZCTA5 61451,72321,19446
8600000US61452,61452,ZCTA5 61452,51250,8957
8600000US61453,61453,ZCTA5 61453,48281,12596
8600000US61454,61454,ZCTA5 61454,49250,9698
8600000US61455,61455,ZCTA5 61455,32442,5526
8600000US61458,61458,ZCTA5 61458,63693,8583
8600000US61459,61459,ZCTA5 61459,39375,16781
8600000US61460,61460,ZCTA5 61460,43958,14377
8600000US61462,61462,ZCTA5 61462,39386,2638
8600000US61465,61465,ZCTA5 61465,55750,9141
8600000US61466,61466,ZCTA5 61466,58750,15324
8600000US61467,61467,ZCTA5 61467,58971,4333
8600000US61468,61468,ZCTA5 61468,42014,14702
8600000US61469,61469,ZCTA5 61469,39752,3981
8600000US61470,61470,ZCTA5 61470,42344,4319
8600000US61471,61471,ZCTA5 61471,50000,22837
8600000US61472,61472,ZCTA5 61472,63750,5545
8600000US61473,61473,ZCTA5 61473,44375,4210
8600000US61474,61474,ZCTA5 61474,41000,10932
8600000US61475,61475,ZCTA5 61475,68611,14154
8600000US61476,61476,ZCTA5 61476,57679,15538
8600000US61477,61477,ZCTA5 61477,39318,14302
8600000US61478,61478,ZCTA5 61478,53988,29152
8600000US61479,61479,ZCTA5 61479,72250,35230
8600000US61480,61480,ZCTA5 61480,45833,9768
8600000US61482,61482,ZCTA5 61482,45208,19719
8600000US61483,61483,ZCTA5 61483,54950,10616
8600000US61484,61484,ZCTA5 61484,36711,7102
8600000US61485,61485,ZCTA5 61485,63125,11444
8600000US61486,61486,ZCTA5 61486,46000,9123
8600000US61488,61488,ZCTA5 61488,48854,11848
8600000US61489,61489,ZCTA5 61489,50000,5717
8600000US61490,61490,ZCTA5 61490,61328,11622
8600000US61491,61491,ZCTA5 61491,52862,5232
8600000US61501,61501,ZCTA5 61501,37955,7632
8600000US61516,61516,ZCTA5 61516,67500,17267
8600000US61517,61517,ZCTA5 61517,82639,10734
8600000US61519,61519,ZCTA5 61519,44750,27174
8600000US61520,61520,ZCTA5 61520,44604,3131
8600000US61523,61523,ZCTA5 61523,56677,4269
8600000US61524,61524,ZCTA5 61524,47917,6367
8600000US61525,61525,ZCTA5 61525,105469,12363
8600000US61526,61526,ZCTA5 61526,101080,44965
8600000US61528,61528,ZCTA5 61528,84167,19820
8600000US61529,61529,ZCTA5 61529,67366,6873
8600000US61530,61530,ZCTA5 61530,57219,8439
8600000US61531,61531,ZCTA5 61531,56140,7043
8600000US61532,61532,ZCTA5 61532,41382,13439
8600000US61533,61533,ZCTA5 61533,54474,6692
8600000US61534,61534,ZCTA5 61534,51886,8076
8600000US61535,61535,ZCTA5 61535,93708,10520
8600000US61536,61536,ZCTA5 61536,64777,7416
8600000US61537,61537,ZCTA5 61537,49414,5397
8600000US61539,61539,ZCTA5 61539,42917,12013
8600000US61540,61540,ZCTA5 61540,58203,8462
8600000US61541,61541,ZCTA5 61541,43125,12242
8600000US61542,61542,ZCTA5 61542,50865,4926
8600000US61543,61543,ZCTA5 61543,30500,6140
8600000US61544,61544,ZCTA5 61544,42708,7813
8600000US61545,61545,ZCTA5 61545,46823,22503
8600000US61546,61546,ZCTA5 61546,56756,5210
8600000US61547,61547,ZCTA5 61547,91518,6274
8600000US61548,61548,ZCTA5 61548,82181,8017
8600000US61550,61550,ZCTA5 61550,70878,4952
8600000US61552,61552,ZCTA5 61552,37614,18218
8600000US61553,61553,ZCTA5 61553,46667,12512
8600000US61554,61554,ZCTA5 61554,50064,2074
8600000US61559,61559,ZCTA5 61559,61400,6646
8600000US61560,61560,ZCTA5 61560,68466,6280
8600000US61561,61561,ZCTA5 61561,61667,15197
8600000US61562,61562,ZCTA5 61562,-,**
8600000US61563,61563,ZCTA5 61563,41615,2314
8600000US61564,61564,ZCTA5 61564,52917,6664
8600000US61565,61565,ZCTA5 61565,58382,4379
8600000US61567,61567,ZCTA5 61567,35536,10370
8600000US61568,61568,ZCTA5 61568,64568,7537
8600000US61569,61569,ZCTA5 61569,62361,16223
8600000US61570,61570,ZCTA5 61570,56319,5711
8600000US61571,61571,ZCTA5 61571,69007,2935
8600000US61572,61572,ZCTA5 61572,51823,6400
8600000US61602,61602,ZCTA5 61602,27115,7195
8600000US61603,61603,ZCTA5 61603,34295,3609
8600000US61604,61604,ZCTA5 61604,41788,2265
8600000US61605,61605,ZCTA5 61605,21527,1183
8600000US61606,61606,ZCTA5 61606,36308,2422
8600000US61607,61607,ZCTA5 61607,57334,4115
8600000US61610,61610,ZCTA5 61610,42656,7341
8600000US61611,61611,ZCTA5 61611,53417,4224
8600000US61614,61614,ZCTA5 61614,60517,2972
8600000US61615,61615,ZCTA5 61615,65406,4307
8600000US61616,61616,ZCTA5 61616,49722,4562
8600000US61625,61625,ZCTA5 61625,-,**
8600000US61701,61701,ZCTA5 61701,40788,2028
8600000US61704,61704,ZCTA5 61704,86310,5894
8600000US61705,61705,ZCTA5 61705,100488,5414
8600000US61720,61720,ZCTA5 61720,47000,8732
8600000US61721,61721,ZCTA5 61721,58295,22615
8600000US61722,61722,ZCTA5 61722,52426,8055
8600000US61723,61723,ZCTA5 61723,55625,6536
8600000US61724,61724,ZCTA5 61724,56458,17969
8600000US61725,61725,ZCTA5 61725,70391,11548
8600000US61726,61726,ZCTA5 61726,53438,3187
8600000US61727,61727,ZCTA5 61727,53313,5522
8600000US61728,61728,ZCTA5 61728,59821,12218
8600000US61729,61729,ZCTA5 61729,64688,7534
8600000US61730,61730,ZCTA5 61730,49554,15704
8600000US61731,61731,ZCTA5 61731,71000,32826
8600000US61732,61732,ZCTA5 61732,78725,5802
8600000US61733,61733,ZCTA5 61733,66076,4702
8600000US61734,61734,ZCTA5 61734,56538,4400
8600000US61735,61735,ZCTA5 61735,42054,41122
8600000US61736,61736,ZCTA5 61736,79323,12633
8600000US61737,61737,ZCTA5 61737,69643,21310
8600000US61738,61738,ZCTA5 61738,58194,8755
8600000US61739,61739,ZCTA5 61739,55809,6182
8600000US61740,61740,ZCTA5 61740,56932,5051
8600000US61741,61741,ZCTA5 61741,56667,12455
8600000US61742,61742,ZCTA5 61742,80000,17707
8600000US61743,61743,ZCTA5 61743,63375,4282
8600000US61744,61744,ZCTA5 61744,71932,14271
8600000US61745,61745,ZCTA5 61745,76549,6159
8600000US61747,61747,ZCTA5 61747,54402,8969
8600000US61748,61748,ZCTA5 61748,73036,10172
8600000US61749,61749,ZCTA5 61749,50583,10566
8600000US61750,61750,ZCTA5 61750,31406,35494
8600000US61751,61751,ZCTA5 61751,46563,30497
8600000US61752,61752,ZCTA5 61752,58750,6201
8600000US61753,61753,ZCTA5 61753,66050,8010
8600000US61754,61754,ZCTA5 61754,70833,11775
8600000US61755,61755,ZCTA5 61755,69696,12663
8600000US61756,61756,ZCTA5 61756,54241,6710
8600000US61759,61759,ZCTA5 61759,54792,14490
8600000US61760,61760,ZCTA5 61760,59107,11878
8600000US61761,61761,ZCTA5 61761,52568,2744
8600000US61764,61764,ZCTA5 61764,51149,3172
8600000US61769,61769,ZCTA5 61769,54432,14391
8600000US61770,61770,ZCTA5 61770,54659,6031
8600000US61771,61771,ZCTA5 61771,55484,5627
8600000US61772,61772,ZCTA5 61772,58250,20477
8600000US61773,61773,ZCTA5 61773,44250,11722
8600000US61774,61774,ZCTA5 61774,66544,4760
8600000US61775,61775,ZCTA5 61775,54938,2616
8600000US61776,61776,ZCTA5 61776,71563,22663
8600000US61777,61777,ZCTA5 61777,55982,13962
8600000US61778,61778,ZCTA5 61778,63750,11991
8600000US61801,61801,ZCTA5 61801,26473,2497
8600000US61802,61802,ZCTA5 61802,44762,3948
8600000US61810,61810,ZCTA5 61810,63906,11521
8600000US61811,61811,ZCTA5 61811,52031,17409
8600000US61812,61812,ZCTA5 61812,59688,12000
8600000US61813,61813,ZCTA5 61813,56360,4500
8600000US61814,61814,ZCTA5 61814,66336,4088
8600000US61815,61815,ZCTA5 61815,43750,22105
8600000US61816,61816,ZCTA5 61816,72083,21654
8600000US61817,61817,ZCTA5 61817,64821,11876
8600000US61818,61818,ZCTA5 61818,58780,5070
8600000US61820,61820,ZCTA5 61820,22400,1636
8600000US61821,61821,ZCTA5 61821,52996,3101
8600000US61822,61822,ZCTA5 61822,77602,4323
8600000US61830,61830,ZCTA5 61830,71042,8977
8600000US61831,61831,ZCTA5 61831,53523,18171
8600000US61832,61832,ZCTA5 61832,36376,1725
8600000US61833,61833,ZCTA5 61833,42396,11033
8600000US61834,61834,ZCTA5 61834,57422,10620
8600000US61839,61839,ZCTA5 61839,44716,5349
8600000US61840,61840,ZCTA5 61840,70352,20250
8600000US61841,61841,ZCTA5 61841,58672,6094
8600000US61842,61842,ZCTA5 61842,53869,9049
8600000US61843,61843,ZCTA5 61843,63182,7309
8600000US61844,61844,ZCTA5 61844,57417,15747
8600000US61845,61845,ZCTA5 61845,71250,8350
8600000US61846,61846,ZCTA5 61846,37659,5086
8600000US61847,61847,ZCTA5 61847,72667,8488
8600000US61848,61848,ZCTA5 61848,43125,17061
8600000US61849,61849,ZCTA5 61849,62031,8740
8600000US61850,61850,ZCTA5 61850,65833,13335
8600000US61851,61851,ZCTA5 61851,48631,4233
8600000US61852,61852,ZCTA5 61852,38750,26341
8600000US61853,61853,ZCTA5 61853,74954,7360
8600000US61854,61854,ZCTA5 61854,58958,8017
8600000US61855,61855,ZCTA5 61855,78542,49059
8600000US61856,61856,ZCTA5 61856,72127,8531
8600000US61857,61857,ZCTA5 61857,37500,10839
8600000US61858,61858,ZCTA5 61858,54705,5447
8600000US61859,61859,ZCTA5 61859,74632,8074
8600000US61862,61862,ZCTA5 61862,67292,13643
8600000US61863,61863,ZCTA5 61863,61923,18891
8600000US61864,61864,ZCTA5 61864,76198,8708
8600000US61865,61865,ZCTA5 61865,50991,3556
8600000US61866,61866,ZCTA5 61866,38971,3813
8600000US61870,61870,ZCTA5 61870,50188,8657
8600000US61871,61871,ZCTA5 61871,66667,12121
8600000US61872,61872,ZCTA5 61872,70313,25609
8600000US61873,61873,ZCTA5 61873,71661,6837
8600000US61874,61874,ZCTA5 61874,59875,8349
8600000US61875,61875,ZCTA5 61875,85313,78853
8600000US61876,61876,ZCTA5 61876,44167,9954
8600000US61877,61877,ZCTA5 61877,62188,8461
8600000US61878,61878,ZCTA5 61878,52500,8708
8600000US61880,61880,ZCTA5 61880,64955,7098
8600000US61882,61882,ZCTA5 61882,53698,2469
8600000US61883,61883,ZCTA5 61883,42708,8721
8600000US61884,61884,ZCTA5 61884,85313,11554
8600000US61910,61910,ZCTA5 61910,50427,5150
8600000US61911,61911,ZCTA5 61911,49953,10863
8600000US61912,61912,ZCTA5 61912,50595,10029
8600000US61913,61913,ZCTA5 61913,52250,9317
8600000US61914,61914,ZCTA5 61914,42212,7902
8600000US61917,61917,ZCTA5 61917,52083,14243
8600000US61919,61919,ZCTA5 61919,65000,6728
8600000US61920,61920,ZCTA5 61920,30935,3580
8600000US61924,61924,ZCTA5 61924,44674,6611
8600000US61925,61925,ZCTA5 61925,64239,15334
8600000US61928,61928,ZCTA5 61928,53594,34317
8600000US61929,61929,ZCTA5 61929,47740,3658
8600000US61930,61930,ZCTA5 61930,48750,11868
8600000US61931,61931,ZCTA5 61931,48657,15240
8600000US61932,61932,ZCTA5 61932,39531,11588
8600000US61933,61933,ZCTA5 61933,40385,9192
8600000US61936,61936,ZCTA5 61936,42273,52320
8600000US61937,61937,ZCTA5 61937,50096,7383
8600000US61938,61938,ZCTA5 61938,40625,2035
8600000US61940,61940,ZCTA5 61940,38611,4982
8600000US61941,61941,ZCTA5 61941,-,**
8600000US61942,61942,ZCTA5 61942,51518,9581
8600000US61943,61943,ZCTA5 61943,44148,8289
8600000US61944,61944,ZCTA5 61944,42825,5435
8600000US61949,61949,ZCTA5 61949,49643,6580
8600000US61951,61951,ZCTA5 61951,43142,7021
8600000US61953,61953,ZCTA5 61953,50191,4305
8600000US61955,61955,ZCTA5 61955,35313,25234
8600000US61956,61956,ZCTA5 61956,46385,7266
8600000US61957,61957,ZCTA5 61957,51686,5159
8600000US62001,62001,ZCTA5 62001,66731,9220
8600000US62002,62002,ZCTA5 62002,39996,2203
8600000US62006,62006,ZCTA5 62006,60125,6187
8600000US62009,62009,ZCTA5 62009,37614,7482
8600000US62010,62010,ZCTA5 62010,61433,5366
8600000US62011,62011,ZCTA5 62011,36500,14257
8600000US62012,62012,ZCTA5 62012,66560,3641
8600000US62013,62013,ZCTA5 62013,45250,16831
8600000US62014,62014,ZCTA5 62014,56691,9017
8600000US62015,62015,ZCTA5 62015,46875,25388
8600000US62016,62016,ZCTA5 62016,44679,4987
8600000US62017,62017,ZCTA5 62017,43319,4889
8600000US62018,62018,ZCTA5 62018,42617,10318
8600000US62019,62019,ZCTA5 62019,46333,9880
8600000US62021,62021,ZCTA5 62021,94688,39947
8600000US62022,62022,ZCTA5 62022,50208,17345
8600000US62023,62023,ZCTA5 62023,66250,44253
8600000US62024,62024,ZCTA5 62024,44521,6686
8600000US62025,62025,ZCTA5 62025,72701,5210
8600000US62027,62027,ZCTA5 62027,48958,12585
8600000US62028,62028,ZCTA5 62028,70250,36450
8600000US62030,62030,ZCTA5 62030,21250,13778
8600000US62031,62031,ZCTA5 62031,49821,15315
8600000US62032,62032,ZCTA5 62032,33929,9672
8600000US62033,62033,ZCTA5 62033,39623,5711
8600000US62034,62034,ZCTA5 62034,68750,5688
8600000US62035,62035,ZCTA5 62035,59281,4629
8600000US62036,62036,ZCTA5 62036,64519,6149
8600000US62037,62037,ZCTA5 62037,43833,12515
8600000US62040,62040,ZCTA5 62040,46427,1901
8600000US62044,62044,ZCTA5 62044,49511,5464
8600000US62045,62045,ZCTA5 62045,45000,29643
8600000US62046,62046,ZCTA5 62046,81250,10472
8600000US62047,62047,ZCTA5 62047,59211,10337
8600000US62048,62048,ZCTA5 62048,41434,5715
8600000US62049,62049,ZCTA5 62049,52586,7927
8600000US62050,62050,ZCTA5 62050,29107,11658
8600000US62051,62051,ZCTA5 62051,46512,908
8600000US62052,62052,ZCTA5 62052,53764,1829
8600000US62053,62053,ZCTA5 62053,41458,11190
8600000US62054,62054,ZCTA5 62054,52375,15375
8600000US62056,62056,ZCTA5 62056,43265,6282
8600000US62058,62058,ZCTA5 62058,42740,3928
8600000US62059,62059,ZCTA5 62059,14432,7347
8600000US62060,62060,ZCTA5 62060,20469,3212
8600000US62061,62061,ZCTA5 62061,65208,13413
8600000US62062,62062,ZCTA5 62062,80844,9218
8600000US62063,62063,ZCTA5 62063,56346,10066
8600000US62065,62065,ZCTA5 62065,23654,76136
8600000US62067,62067,ZCTA5 62067,49297,7719
8600000US62069,62069,ZCTA5 62069,50855,4439
8600000US62070,62070,ZCTA5 62070,-,**
8600000US62074,62074,ZCTA5 62074,78269,12562
8600000US62075,62075,ZCTA5 62075,42438,12012
8600000US62076,62076,ZCTA5 62076,42917,14826
8600000US62077,62077,ZCTA5 62077,31875,8936
8600000US62078,62078,ZCTA5 62078,28250,14647
8600000US62079,62079,ZCTA5 62079,56250,42763
8600000US62080,62080,ZCTA5 62080,44673,3874
8600000US62081,62081,ZCTA5 62081,56429,37334
8600000US62082,62082,ZCTA5 62082,41213,5624
8600000US62083,62083,ZCTA5 62083,51287,9294
8600000US62084,62084,ZCTA5 62084,43220,3857
8600000US62085,62085,ZCTA5 62085,40000,9774
8600000US62086,62086,ZCTA5 62086,28550,11715
8600000US62087,62087,ZCTA5 62087,40107,4493
8600000US62088,62088,ZCTA5 62088,49625,6341
8600000US62089,62089,ZCTA5 62089,43056,4086
8600000US62090,62090,ZCTA5 62090,20844,3162
8600000US62091,62091,ZCTA5 62091,56563,11352
8600000US62092,62092,ZCTA5 62092,38864,6776
8600000US62093,62093,ZCTA5 62093,28194,6065
8600000US62094,62094,ZCTA5 62094,42500,10568
8600000US62095,62095,ZCTA5 62095,44324,8848
8600000US62097,62097,ZCTA5 62097,64432,13379
8600000US62098,62098,ZCTA5 62098,44773,55247
8600000US62201,62201,ZCTA5 62201,17639,3123
8600000US62203,62203,ZCTA5 62203,28147,2308
8600000US62204,62204,ZCTA5 62204,16500,1709
8600000US62205,62205,ZCTA5 62205,22760,3131
8600000US62206,62206,ZCTA5 62206,30612,2706
8600000US62207,62207,ZCTA5 62207,17001,1225
8600000US62208,62208,ZCTA5 62208,59704,3667
8600000US62214,62214,ZCTA5 62214,60446,13385
8600000US62215,62215,ZCTA5 62215,74440,5447
8600000US62216,62216,ZCTA5 62216,80305,7976
8600000US62217,62217,ZCTA5 62217,43194,15271
8600000US62218,62218,ZCTA5 62218,84792,9902
8600000US62219,62219,ZCTA5 62219,43229,16114
8600000US62220,62220,ZCTA5 62220,52899,3118
8600000US62221,62221,ZCTA5 62221,58396,3735
8600000US62223,62223,ZCTA5 62223,55290,5081
8600000US62225,62225,ZCTA5 62225,57852,10774
8600000US62226,62226,ZCTA5 62226,51344,3104
8600000US62230,62230,ZCTA5 62230,67820,9115
8600000US62231,62231,ZCTA5 62231,52488,6155
8600000US62232,62232,ZCTA5 62232,40673,6989
8600000US62233,62233,ZCTA5 62233,44779,8093
8600000US62234,62234,ZCTA5 62234,53122,2518
8600000US62236,62236,ZCTA5 62236,68449,5124
8600000US62237,62237,ZCTA5 62237,53472,3644
8600000US62238,62238,ZCTA5 62238,47500,8735
8600000US62239,62239,ZCTA5 62239,44637,8541
8600000US62240,62240,ZCTA5 62240,40760,5644
8600000US62241,62241,ZCTA5 62241,56053,14146
8600000US62242,62242,ZCTA5 62242,57750,15221
8600000US62243,62243,ZCTA5 62243,77526,11001
8600000US62244,62244,ZCTA5 62244,71196,10930
8600000US62245,62245,ZCTA5 62245,67500,13177
8600000US62246,62246,ZCTA5 62246,51322,7513
8600000US62248,62248,ZCTA5 62248,51786,17623
8600000US62249,62249,ZCTA5 62249,69544,4813
8600000US62250,62250,ZCTA5 62250,60000,13993
8600000US62253,62253,ZCTA5 62253,30288,11898
8600000US62254,62254,ZCTA5 62254,69943,12876
8600000US62255,62255,ZCTA5 62255,45893,13726
8600000US62257,62257,ZCTA5 62257,53373,2433
8600000US62258,62258,ZCTA5 62258,69120,7746
8600000US62260,62260,ZCTA5 62260,76650,5886
8600000US62261,62261,ZCTA5 62261,93214,85538
8600000US62262,62262,ZCTA5 62262,42450,6863
8600000US62263,62263,ZCTA5 62263,46828,4676
8600000US62264,62264,ZCTA5 62264,63480,7210
8600000US62265,62265,ZCTA5 62265,66429,9776
8600000US62266,62266,ZCTA5 62266,90446,49296
8600000US62268,62268,ZCTA5 62268,75000,14726
8600000US62269,62269,ZCTA5 62269,79144,6296
8600000US62271,62271,ZCTA5 62271,51607,7017
8600000US62272,62272,ZCTA5 62272,36050,5362
8600000US62273,62273,ZCTA5 62273,32188,12270
8600000US62274,62274,ZCTA5 62274,44175,3083
8600000US62275,62275,ZCTA5 62275,52143,6165
8600000US62277,62277,ZCTA5 62277,46719,8559
8600000US62278,62278,ZCTA5 62278,58265,5799
8600000US62279,62279,ZCTA5 62279,23173,14290
8600000US62280,62280,ZCTA5 62280,44457,79646
8600000US62281,62281,ZCTA5 62281,80167,18642
8600000US62282,62282,ZCTA5 62282,62321,19710
8600000US62284,62284,ZCTA5 62284,44861,7817
8600000US62285,62285,ZCTA5 62285,77375,19566
8600000US62286,62286,ZCTA5 62286,47875,10709
8600000US62288,62288,ZCTA5 62288,53108,8900
8600000US62289,62289,ZCTA5 62289,54091,5680
8600000US62292,62292,ZCTA5 62292,36310,8276
8600000US62293,62293,ZCTA5 62293,70417,8134
8600000US62294,62294,ZCTA5 62294,78133,3899
8600000US62295,62295,ZCTA5 62295,73154,6795
8600000US62297,62297,ZCTA5 62297,26250,25899
8600000US62298,62298,ZCTA5 62298,72462,3919
8600000US62301,62301,ZCTA5 62301,37347,1907
8600000US62305,62305,ZCTA5 62305,62252,5634
8600000US62311,62311,ZCTA5 62311,50000,18420
8600000US62312,62312,ZCTA5 62312,38600,2422
8600000US62313,62313,ZCTA5 62313,46875,23489
8600000US62314,62314,ZCTA5 62314,35885,5292
8600000US62316,62316,ZCTA5 62316,39107,21525
8600000US62319,62319,ZCTA5 62319,68125,67728
8600000US62320,62320,ZCTA5 62320,48417,9693
8600000US62321,62321,ZCTA5 62321,51338,1353
8600000US62323,62323,ZCTA5 62323,50703,7674
8600000US62324,62324,ZCTA5 62324,27188,9102
8600000US62325,62325,ZCTA5 62325,34427,9765
8600000US62326,62326,ZCTA5 62326,40000,5198
8600000US62330,62330,ZCTA5 62330,40685,3336
8600000US62334,62334,ZCTA5 62334,27292,23954
8600000US62336,62336,ZCTA5 62336,37321,24216
8600000US62338,62338,ZCTA5 62338,49754,12888
8600000US62339,62339,ZCTA5 62339,50568,8596
8600000US62340,62340,ZCTA5 62340,39125,7453
8600000US62341,62341,ZCTA5 62341,48995,4562
8600000US62343,62343,ZCTA5 62343,35139,8395
8600000US62344,62344,ZCTA5 62344,49773,55431
8600000US62345,62345,ZCTA5 62345,42098,7007
8600000US62346,62346,ZCTA5 62346,33750,7303
8600000US62347,62347,ZCTA5 62347,61990,9501
8600000US62348,62348,ZCTA5 62348,32500,21761
8600000US62349,62349,ZCTA5 62349,47045,8159
8600000US62351,62351,ZCTA5 62351,50326,7767
8600000US62352,62352,ZCTA5 62352,46000,15057
8600000US62353,62353,ZCTA5 62353,41042,6641
8600000US62354,62354,ZCTA5 62354,40517,5026
8600000US62355,62355,ZCTA5 62355,38050,7918
8600000US62356,62356,ZCTA5 62356,36250,8193
8600000US62357,62357,ZCTA5 62357,38250,9111
8600000US62358,62358,ZCTA5 62358,34167,9203
8600000US62359,62359,ZCTA5 62359,76190,5876
8600000US62360,62360,ZCTA5 62360,46875,5049
8600000US62361,62361,ZCTA5 62361,38387,5758
8600000US62362,62362,ZCTA5 62362,28654,7664
8600000US62363,62363,ZCTA5 62363,39602,7452
8600000US62365,62365,ZCTA5 62365,64167,28953
8600000US62366,62366,ZCTA5 62366,42417,5571
8600000US62367,62367,ZCTA5 62367,50069,13363
8600000US62370,62370,ZCTA5 62370,36853,3839
8600000US62373,62373,ZCTA5 62373,51042,26705
8600000US62374,62374,ZCTA5 62374,37500,29001
8600000US62375,62375,ZCTA5 62375,95071,63269
8600000US62376,62376,ZCTA5 62376,44635,5266
8600000US62378,62378,ZCTA5 62378,51875,12888
8600000US62379,62379,ZCTA5 62379,50064,7754
8600000US62380,62380,ZCTA5 62380,44583,25168
8600000US62401,62401,ZCTA5 62401,50167,2628
8600000US62410,62410,ZCTA5 62410,56146,5857
8600000US62411,62411,ZCTA5 62411,53047,3154
8600000US62413,62413,ZCTA5 62413,58571,19751
8600000US62414,62414,ZCTA5 62414,42500,9156
8600000US62417,62417,ZCTA5 62417,44564,5837
8600000US62418,62418,ZCTA5 62418,41756,3857
8600000US62419,62419,ZCTA5 62419,52750,5537
8600000US62420,62420,ZCTA5 62420,45521,11978
8600000US62421,62421,ZCTA5 62421,58295,16069
8600000US62422,62422,ZCTA5 62422,32348,9494
8600000US62423,62423,ZCTA5 62423,50531,24000
8600000US62424,62424,ZCTA5 62424,55568,9002
8600000US62425,62425,ZCTA5 62425,77917,40237
8600000US62426,62426,ZCTA5 62426,46429,17304
8600000US62427,62427,ZCTA5 62427,58362,9660
8600000US62428,62428,ZCTA5 62428,41364,6491
8600000US62431,62431,ZCTA5 62431,41875,10198
8600000US62432,62432,ZCTA5 62432,52917,9479
8600000US62433,62433,ZCTA5 62433,49938,6112
8600000US62434,62434,ZCTA5 62434,49250,20864
8600000US62436,62436,ZCTA5 62436,37371,7949
8600000US62438,62438,ZCTA5 62438,44716,19146
8600000US62439,62439,ZCTA5 62439,37754,6005
8600000US62440,62440,ZCTA5 62440,60000,9432
8600000US62441,62441,ZCTA5 62441,53768,5307
8600000US62442,62442,ZCTA5 62442,47992,4790
8600000US62443,62443,ZCTA5 62443,53333,11178
8600000US62444,62444,ZCTA5 62444,35833,19257
8600000US62445,62445,ZCTA5 62445,58289,6515
8600000US62446,62446,ZCTA5 62446,52639,24509
8600000US62447,62447,ZCTA5 62447,45378,7344
8600000US62448,62448,ZCTA5 62448,52052,3955
8600000US62449,62449,ZCTA5 62449,45721,5890
8600000US62450,62450,ZCTA5 62450,42593,2550
8600000US62451,62451,ZCTA5 62451,41360,3840
8600000US62452,62452,ZCTA5 62452,62938,25344
8600000US62454,62454,ZCTA5 62454,44968,4206
8600000US62458,62458,ZCTA5 62458,36771,4352
8600000US62459,62459,ZCTA5 62459,45000,13590
8600000US62460,62460,ZCTA5 62460,30798,2391
8600000US62461,62461,ZCTA5 62461,58309,6450
8600000US62462,62462,ZCTA5 62462,56458,22708
8600000US62463,62463,ZCTA5 62463,49659,10310
8600000US62465,62465,ZCTA5 62465,61250,14370
8600000US62466,62466,ZCTA5 62466,40588,7810
8600000US62467,62467,ZCTA5 62467,74330,6835
8600000US62468,62468,ZCTA5 62468,43554,3877
8600000US62469,62469,ZCTA5 62469,90313,26135
8600000US62471,62471,ZCTA5 62471,50702,5401
8600000US62473,62473,ZCTA5 62473,54571,4670
8600000US62474,62474,ZCTA5 62474,50335,12502
8600000US62475,62475,ZCTA5 62475,69188,7133
8600000US62476,62476,ZCTA5 62476,44735,6568
8600000US62477,62477,ZCTA5 62477,54904,13108
8600000US62478,62478,ZCTA5 62478,48611,18560
8600000US62479,62479,ZCTA5 62479,65729,16256
8600000US62480,62480,ZCTA5 62480,53250,12635
8600000US62481,62481,ZCTA5 62481,50357,45799
8600000US62501,62501,ZCTA5 62501,59000,13911
8600000US62510,62510,ZCTA5 62510,39740,6114
8600000US62512,62512,ZCTA5 62512,52375,30357
8600000US62513,62513,ZCTA5 62513,52850,3920
8600000US62514,62514,ZCTA5 62514,81635,38125
8600000US62515,62515,ZCTA5 62515,54583,5402
8600000US62517,62517,ZCTA5 62517,32000,12442
8600000US62518,62518,ZCTA5 62518,67784,24093
8600000US62519,62519,ZCTA5 62519,60139,35034
8600000US62520,62520,ZCTA5 62520,73207,9140
8600000US62521,62521,ZCTA5 62521,49309,1394
8600000US62522,62522,ZCTA5 62522,40765,3261
8600000US62523,62523,ZCTA5 62523,8993,1669
8600000US62526,62526,ZCTA5 62526,37134,2199
8600000US62530,62530,ZCTA5 62530,61728,5864
8600000US62531,62531,ZCTA5 62531,66063,8465
8600000US62532,62532,ZCTA5 62532,61071,37159
8600000US62533,62533,ZCTA5 62533,55000,9880
8600000US62534,62534,ZCTA5 62534,46875,7344
8600000US62535,62535,ZCTA5 62535,94844,6479
8600000US62536,62536,ZCTA5 62536,94375,43037
8600000US62537,62537,ZCTA5 62537,70625,4664
8600000US62538,62538,ZCTA5 62538,41094,6909
8600000US62539,62539,ZCTA5 62539,57667,9641
8600000US62540,62540,ZCTA5 62540,41164,6335
8600000US62541,62541,ZCTA5 62541,41438,46028
8600000US62543,62543,ZCTA5 62543,41094,15310
8600000US62544,62544,ZCTA5 62544,56042,19486
8600000US62545,62545,ZCTA5 62545,46400,4717
8600000US62546,62546,ZCTA5 62546,53810,6216
8600000US62547,62547,ZCTA5 62547,50000,15125
8600000US62548,62548,ZCTA5 62548,54896,6937
8600000US62549,62549,ZCTA5 62549,70135,14542
8600000US62550,62550,ZCTA5 62550,57292,7070
8600000US62551,62551,ZCTA5 62551,49063,10065
8600000US62553,62553,ZCTA5 62553,43049,2511
8600000US62554,62554,ZCTA5 62554,64821,8759
8600000US62555,62555,ZCTA5 62555,62344,25529
8600000US62556,62556,ZCTA5 62556,44375,28576
8600000US62557,62557,ZCTA5 62557,37796,5250
8600000US62558,62558,ZCTA5 62558,60880,8116
8600000US62560,62560,ZCTA5 62560,45455,11612
8600000US62561,62561,ZCTA5 62561,55861,12662
8600000US62563,62563,ZCTA5 62563,91687,7094
8600000US62565,62565,ZCTA5 62565,44232,5101
8600000US62567,62567,ZCTA5 62567,51696,6313
8600000US62568,62568,ZCTA5 62568,48458,5665
8600000US62570,62570,ZCTA5 62570,38274,4844
8600000US62571,62571,ZCTA5 62571,54125,11157
8600000US62572,62572,ZCTA5 62572,50625,27864
8600000US62573,62573,ZCTA5 62573,51856,5870
8600000US62601,62601,ZCTA5 62601,75625,19998
8600000US62610,62610,ZCTA5 62610,30625,18920
8600000US62611,62611,ZCTA5 62611,52000,20290
8600000US62612,62612,ZCTA5 62612,59464,8356
8600000US62613,62613,ZCTA5 62613,59901,9316
8600000US62615,62615,ZCTA5 62615,63750,7194
8600000US62617,62617,ZCTA5 62617,41528,14277
8600000US62618,62618,ZCTA5 62618,44280,4391
8600000US62621,62621,ZCTA5 62621,52772,6370
8600000US62622,62622,ZCTA5 62622,-,**
8600000US62624,62624,ZCTA5 62624,45000,11847
8600000US62625,62625,ZCTA5 62625,89500,6147
8600000US62626,62626,ZCTA5 62626,53433,6947
8600000US62627,62627,ZCTA5 62627,45592,10991
8600000US62628,62628,ZCTA5 62628,53000,17701
8600000US62629,62629,ZCTA5 62629,78313,7885
8600000US62630,62630,ZCTA5 62630,54306,5858
8600000US62631,62631,ZCTA5 62631,51250,16483
8600000US62633,62633,ZCTA5 62633,55417,13892
8600000US62634,62634,ZCTA5 62634,70469,9099
8600000US62635,62635,ZCTA5 62635,51667,6866
8600000US62638,62638,ZCTA5 62638,59500,13638
8600000US62639,62639,ZCTA5 62639,40208,20676
8600000US62640,62640,ZCTA5 62640,49958,9773
8600000US62642,62642,ZCTA5 62642,59519,4752
8600000US62643,62643,ZCTA5 62643,47500,12213
8600000US62644,62644,ZCTA5 62644,37500,5377
8600000US62649,62649,ZCTA5 62649,61250,8233
8600000US62650,62650,ZCTA5 62650,46006,3302
8600000US62655,62655,ZCTA5 62655,41250,17345
8600000US62656,62656,ZCTA5 62656,46157,3249
8600000US62661,62661,ZCTA5 62661,57679,19297
8600000US62663,62663,ZCTA5 62663,53000,14794
8600000US62664,62664,ZCTA5 62664,40726,6674
8600000US62665,62665,ZCTA5 62665,36613,3432
8600000US62666,62666,ZCTA5 62666,53958,9393
8600000US62667,62667,ZCTA5 62667,40313,16542
8600000US62668,62668,ZCTA5 62668,46842,8840
8600000US62670,62670,ZCTA5 62670,71875,8863
8600000US62671,62671,ZCTA5 62671,55313,16804
8600000US62672,62672,ZCTA5 62672,41607,15313
8600000US62673,62673,ZCTA5 62673,63098,12507
8600000US62674,62674,ZCTA5 62674,55263,10709
8600000US62675,62675,ZCTA5 62675,59925,4284
8600000US62677,62677,ZCTA5 62677,75325,13671
8600000US62681,62681,ZCTA5 62681,48316,3568
8600000US62682,62682,ZCTA5 62682,60625,13513
8600000US62684,62684,ZCTA5 62684,90258,11945
8600000US62685,62685,ZCTA5 62685,60000,6934
8600000US62688,62688,ZCTA5 62688,55179,12536
8600000US62689,62689,ZCTA5 62689,53125,7021
8600000US62690,62690,ZCTA5 62690,52273,9598
8600000US62691,62691,ZCTA5 62691,49625,7900
8600000US62692,62692,ZCTA5 62692,50194,5118
8600000US62693,62693,ZCTA5 62693,85197,6927
8600000US62694,62694,ZCTA5 62694,46346,7821
8600000US62695,62695,ZCTA5 62695,43750,16131
8600000US62701,62701,ZCTA5 62701,14513,5425
8600000US62702,62702,ZCTA5 62702,36911,1987
8600000US62703,62703,ZCTA5 62703,36136,1951
8600000US62704,62704,ZCTA5 62704,52628,2161
8600000US62707,62707,ZCTA5 62707,66334,8839
8600000US62711,62711,ZCTA5 62711,95603,5930
8600000US62712,62712,ZCTA5 62712,84938,6421
8600000US62801,62801,ZCTA5 62801,38007,3335
8600000US62803,62803,ZCTA5 62803,57188,4872
8600000US62806,62806,ZCTA5 62806,40357,6032
8600000US62807,62807,ZCTA5 62807,44750,9493
8600000US62808,62808,ZCTA5 62808,56328,11652
8600000US62809,62809,ZCTA5 62809,63333,24478
8600000US62810,62810,ZCTA5 62810,50500,10637
8600000US62811,62811,ZCTA5 62811,31250,5045
8600000US62812,62812,ZCTA5 62812,36801,2004
8600000US62814,62814,ZCTA5 62814,52321,6899
8600000US62815,62815,ZCTA5 62815,53542,13153
8600000US62816,62816,ZCTA5 62816,47557,7823
8600000US62817,62817,ZCTA5 62817,36453,8217
8600000US62818,62818,ZCTA5 62818,47250,20737
8600000US62819,62819,ZCTA5 62819,31083,5510
8600000US62820,62820,ZCTA5 62820,69063,35859
8600000US62821,62821,ZCTA5 62821,43783,7801
8600000US62822,62822,ZCTA5 62822,33152,4137
8600000US62823,62823,ZCTA5 62823,45169,4573
8600000US62824,62824,ZCTA5 62824,40987,8078
8600000US62825,62825,ZCTA5 62825,35625,21802
8600000US62827,62827,ZCTA5 62827,44500,10894
8600000US62828,62828,ZCTA5 62828,53804,11803
8600000US62829,62829,ZCTA5 62829,-,**
8600000US62830,62830,ZCTA5 62830,43472,10608
8600000US62831,62831,ZCTA5 62831,52625,3706
8600000US62832,62832,ZCTA5 62832,35119,3171
8600000US62833,62833,ZCTA5 62833,62813,20724
8600000US62835,62835,ZCTA5 62835,42609,11053
8600000US62836,62836,ZCTA5 62836,52031,10949
8600000US62837,62837,ZCTA5 62837,42344,3626
8600000US62838,62838,ZCTA5 62838,39932,8909
8600000US62839,62839,ZCTA5 62839,40460,4603
8600000US62841,62841,ZCTA5 62841,67500,74358
8600000US62842,62842,ZCTA5 62842,46131,6790
8600000US62843,62843,ZCTA5 62843,20313,26534
8600000US62844,62844,ZCTA5 62844,36563,6704
8600000US62846,62846,ZCTA5 62846,41150,11265
8600000US62848,62848,ZCTA5 62848,37969,7712
8600000US62849,62849,ZCTA5 62849,52965,4109
8600000US62850,62850,ZCTA5 62850,31719,5489
8600000US62851,62851,ZCTA5 62851,49091,22757
8600000US62852,62852,ZCTA5 62852,42500,16134
8600000US62853,62853,ZCTA5 62853,43750,8408
8600000US62854,62854,ZCTA5 62854,38359,5949
8600000US62856,62856,ZCTA5 62856,35469,16559
8600000US62858,62858,ZCTA5 62858,51650,8452
8600000US62859,62859,ZCTA5 62859,38014,7875
8600000US62860,62860,ZCTA5 62860,52188,14774
8600000US62861,62861,ZCTA5 62861,41563,12095
8600000US62862,62862,ZCTA5 62862,56250,18940
8600000US62863,62863,ZCTA5 62863,47891,3776
8600000US62864,62864,ZCTA5 62864,40367,1809
8600000US62865,62865,ZCTA5 62865,60000,9620
8600000US62867,62867,ZCTA5 62867,37955,6521
8600000US62868,62868,ZCTA5 62868,46208,4621
8600000US62869,62869,ZCTA5 62869,55357,11452
8600000US62870,62870,ZCTA5 62870,40339,2733
8600000US62871,62871,ZCTA5 62871,43125,23247
8600000US62872,62872,ZCTA5 62872,47993,3050
8600000US62874,62874,ZCTA5 62874,33194,9077
8600000US62875,62875,ZCTA5 62875,57656,12131
8600000US62876,62876,ZCTA5 62876,58750,36259
8600000US62877,62877,ZCTA5 62877,51875,3394
8600000US62878,62878,ZCTA5 62878,54167,6859
8600000US62879,62879,ZCTA5 62879,34375,11102
8600000US62880,62880,ZCTA5 62880,37850,3829
8600000US62881,62881,ZCTA5 62881,46059,3183
8600000US62882,62882,ZCTA5 62882,34506,4747
8600000US62883,62883,ZCTA5 62883,53750,20626
8600000US62884,62884,ZCTA5 62884,39047,5422
8600000US62885,62885,ZCTA5 62885,44643,13022
8600000US62886,62886,ZCTA5 62886,45682,13371
8600000US62887,62887,ZCTA5 62887,43807,4992
8600000US62888,62888,ZCTA5 62888,47933,6375
8600000US62889,62889,ZCTA5 62889,47500,24418
8600000US62890,62890,ZCTA5 62890,43542,4590
8600000US62891,62891,ZCTA5 62891,32841,6862
8600000US62892,62892,ZCTA5 62892,53750,17402
8600000US62893,62893,ZCTA5 62893,63750,20733
8600000US62894,62894,ZCTA5 62894,49083,7336
8600000US62895,62895,ZCTA5 62895,48952,4385
8600000US62896,62896,ZCTA5 62896,36352,2531
8600000US62897,62897,ZCTA5 62897,32308,25568
8600000US62898,62898,ZCTA5 62898,57049,6147
8600000US62899,62899,ZCTA5 62899,40208,10342
8600000US62901,62901,ZCTA5 62901,20566,2599
8600000US62902,62902,ZCTA5 62902,54290,10331
8600000US62903,62903,ZCTA5 62903,28250,10347
8600000US62905,62905,ZCTA5 62905,31136,8826
8600000US62906,62906,ZCTA5 62906,43132,5132
8600000US62907,62907,ZCTA5 62907,60074,10267
8600000US62908,62908,ZCTA5 62908,27625,15499
8600000US62910,62910,ZCTA5 62910,39069,4145
8600000US62912,62912,ZCTA5 62912,38750,7152
8600000US62914,62914,ZCTA5 62914,16706,2214
8600000US62915,62915,ZCTA5 62915,39318,12025
8600000US62916,62916,ZCTA5 62916,48750,11775
8600000US62917,62917,ZCTA5 62917,26188,10771
8600000US62918,62918,ZCTA5 62918,48867,6174
8600000US62919,62919,ZCTA5 62919,43077,5669
8600000US62920,62920,ZCTA5 62920,42100,5960
8600000US62921,62921,ZCTA5 62921,19228,5984
8600000US62922,62922,ZCTA5 62922,52632,7187
8600000US62923,62923,ZCTA5 62923,35486,8275
8600000US62924,62924,ZCTA5 62924,36968,5504
8600000US62926,62926,ZCTA5 62926,48000,6634
8600000US62927,62927,ZCTA5 62927,20000,7060
8600000US62928,62928,ZCTA5 62928,26053,13098
8600000US62930,62930,ZCTA5 62930,31875,7159
8600000US62931,62931,ZCTA5 62931,43060,8500
8600000US62932,62932,ZCTA5 62932,38814,4059
8600000US62933,62933,ZCTA5 62933,48148,13346
8600000US62934,62934,ZCTA5 62934,42042,14604
8600000US62935,62935,ZCTA5 62935,43382,7606
8600000US62938,62938,ZCTA5 62938,38915,2780
8600000US62939,62939,ZCTA5 62939,44507,8634
8600000US62940,62940,ZCTA5 62940,46000,18337
8600000US62941,62941,ZCTA5 62941,45893,21358
8600000US62942,62942,ZCTA5 62942,34265,7409
8600000US62943,62943,ZCTA5 62943,19583,27359
8600000US62946,62946,ZCTA5 62946,41401,3695
8600000US62947,62947,ZCTA5 62947,39118,13256
8600000US62948,62948,ZCTA5 62948,40266,2457
8600000US62949,62949,ZCTA5 62949,31250,6674
8600000US62950,62950,ZCTA5 62950,26875,13303
8600000US62951,62951,ZCTA5 62951,38631,6191
8600000US62952,62952,ZCTA5 62952,35313,8711
8600000US62953,62953,ZCTA5 62953,30938,14027
8600000US62954,62954,ZCTA5 62954,50764,8513
8600000US62956,62956,ZCTA5 62956,50813,8938
8600000US62957,62957,ZCTA5 62957,34514,5983
8600000US62958,62958,ZCTA5 62958,46938,15652
8600000US62959,62959,ZCTA5 62959,47767,3634
8600000US62960,62960,ZCTA5 62960,44014,2456
8600000US62961,62961,ZCTA5 62961,54750,59441
8600000US62962,62962,ZCTA5 62962,93125,63542
8600000US62963,62963,ZCTA5 62963,30781,11380
8600000US62964,62964,ZCTA5 62964,30240,6648
8600000US62965,62965,ZCTA5 62965,41875,45287
8600000US62966,62966,ZCTA5 62966,38376,2728
8600000US62967,62967,ZCTA5 62967,40714,13592
8600000US62969,62969,ZCTA5 62969,32500,13414
8600000US62970,62970,ZCTA5 62970,35417,6719
8600000US62972,62972,ZCTA5 62972,42460,4283
8600000US62974,62974,ZCTA5 62974,40125,4364
8600000US62975,62975,ZCTA5 62975,30292,5726
8600000US62976,62976,ZCTA5 62976,45167,14084
8600000US62977,62977,ZCTA5 62977,50795,5657
8600000US62979,62979,ZCTA5 62979,42500,6310
8600000US62982,62982,ZCTA5 62982,20987,8171
8600000US62983,62983,ZCTA5 62983,32833,6541
8600000US62984,62984,ZCTA5 62984,35333,8006
8600000US62985,62985,ZCTA5 62985,34833,3508
8600000US62987,62987,ZCTA5 62987,44010,4165
8600000US62988,62988,ZCTA5 62988,33320,6795
8600000US62990,62990,ZCTA5 62990,31989,8521
8600000US62992,62992,ZCTA5 62992,26711,11423
8600000US62994,62994,ZCTA5 62994,51750,17406
8600000US62995,62995,ZCTA5 62995,40925,5320
8600000US62996,62996,ZCTA5 62996,34167,14870
8600000US62997,62997,ZCTA5 62997,26771,5543
8600000US62998,62998,ZCTA5 62998,26779,22171
8600000US62999,62999,ZCTA5 62999,34000,6319
8600000US63673,63673,ZCTA5 63673,46920,6809
